country,year,gdp_pcap (US dollars)
AFG,2012,651.4171344700457
AFG,2013,637.0870991170988
AFG,2014,625.0549418139383
AFG,2015,565.5697304087512
AFG,2016,522.0822155838985
AFG,2017,525.4697708916185
AFG,2018,491.3372213826032
AFG,2019,496.6025042584997
AFG,2020,510.78706336681074
AFG,2021,356.49621411589226
AFG,2022,357.2611527981439
AFG,2023,413.75789470530316
AGO,2012,5086.027400863757
AGO,2013,5057.747878331633
AGO,2014,5005.999741270698
AGO,2015,3213.902610800591
AGO,2016,1807.952940726431
AGO,2017,2437.259711908214
AGO,2018,2538.5913914337057
AGO,2019,2189.8557140761836
AGO,2020,1449.9228666930803
AGO,2021,1925.8746608216743
AGO,2022,2929.694454672716
AGO,2023,2309.534130427727
AGO,2024,2122.083689918715
ALB,2012,4222.347098891304
ALB,2013,4420.234619883529
ALB,2014,4602.230514432285
ALB,2015,3981.726622618674
ALB,2016,4168.37544462548
ALB,2017,4614.047969259604
ALB,2018,5365.48880180298
ALB,2019,5460.430508693201
ALB,2020,5370.77749956875
ALB,2021,6413.28280828537
ALB,2022,6846.4266938164255
ALB,2023,8575.171346372215
ALB,2024,10011.627985666732
ARE,2012,52034.47624760706
ARE,2013,52023.51709594411
ARE,2014,51381.40699017464
ARE,2015,43534.997269463136
ARE,2016,41326.40181615689
ARE,2017,42340.59171601607
ARE,2018,45689.857004940095
ARE,2019,44251.454139881665
ARE,2020,37173.875409306565
ARE,2021,43360.02110013267
ARE,2022,49899.06529751974
ARE,2023,49040.69475210351
ARE,2024,49377.56433843787
ARM,2012,3511.563996874258
ARM,2013,3680.1669215888587
ARM,2014,3852.1180061038444
ARM,2015,3512.3935027670905
ARM,2016,3524.4247687470715
ARM,2017,3869.0537386775177
ARM,2018,4196.005623017693
ARM,2019,4597.228873995479
ARM,2020,4268.6809330458345
ARM,2021,4685.179971285085
ARM,2022,6571.974455450988
ARM,2023,8125.273957540031
ARM,2024,8500.605224867186
AUT,2012,48250.40591426372
AUT,2013,50305.35457749725
AUT,2014,51314.972261632225
AUT,2015,43915.22802085699
AUT,2016,45061.49939201917
AUT,2017,47163.7425775142
AUT,2018,51194.07498412994
AUT,2019,49885.99473552041
AUT,2020,48716.4098900349
AUT,2021,53648.719074224544
AUT,2022,52176.66491411783
AUT,2023,56033.57379206499
AUT,2024,56833.196047205325
BDI,2012,231.68849639356924
BDI,2013,234.8430453888283
BDI,2014,250.5404811118771
BDI,2015,280.9668313119229
BDI,2016,235.28620539390823
BDI,2017,236.6944725927535
BDI,2018,224.89939239264044
BDI,2019,210.23649452153177
BDI,2020,210.00813990250842
BDI,2021,214.09145541613333
BDI,2022,250.6342253687444
BDI,2023,192.07430535935111
BDI,2024,153.93021785402323
BEL,2012,44874.17091821225
BEL,2013,46964.59467770559
BEL,2014,47995.778696133944
BEL,2015,40893.804537772005
BEL,2016,41854.5498296444
BEL,2017,44035.3239358548
BEL,2018,47487.21003925607
BEL,2019,46716.622746796435
BEL,2020,45906.287580524586
BEL,2021,51658.23829495799
BEL,2022,50822.251853851754
BEL,2023,54690.09427349642
BEL,2024,55954.61062610176
BEN,2012,1071.5258366282956
BEN,2013,1168.926992792259
BEN,2014,1204.39918670094
BEN,2015,1002.4188687961384
BEN,2016,1010.533896199298
BEN,2017,1054.9740806681434
BEN,2018,1151.7409703472013
BEN,2019,1130.8213533979497
BEN,2020,1200.1942663112247
BEN,2021,1318.6515810748658
BEN,2022,1266.4271098115887
BEN,2023,1394.1778466304497
BEN,2024,1485.380189808941
BFA,2012,731.470138867833
BFA,2013,759.7620651684981
BFA,2014,764.8616751062254
BFA,2015,630.124750752312
BFA,2016,663.7423648428855
BFA,2017,709.0915358946953
BFA,2018,777.465618514048
BFA,2019,764.8530777749462
BFA,2020,825.2370387824751
BFA,2021,895.5352884429909
BFA,2022,836.1183045936821
BFA,2023,882.6898100861632
BFA,2024,987.3213781018673
BGD,2012,859.6805363754974
BGD,2013,958.2629897982829
BGD,2014,1094.461997028377
BGD,2015,1224.3864766816523
BGD,2016,1649.2838085860055
BGD,2017,1811.0822166864587
BGD,2018,1965.2437273146677
BGD,2019,2129.7989695460574
BGD,2020,2248.850788282327
BGD,2021,2482.849178433572
BGD,2022,2716.4859278043114
BGD,2023,2551.017738273069
BGD,2024,2593.416073904071
BGR,2012,7431.957895088705
BGR,2013,7795.9809210892845
BGR,2014,8069.600056676842
BGR,2015,7268.654454738727
BGR,2016,7822.499232929683
BGR,2017,8696.689304279236
BGR,2018,9872.385077891058
BGR,2019,10372.804434111375
BGR,2020,10769.947569941432
BGR,2021,12972.217335600228
BGR,2022,13999.67191972892
BGR,2023,15883.861854558112
BGR,2024,17412.4115085691
BHR,2012,26438.67332304283
BHR,2013,26989.760114846904
BHR,2014,26451.796564745277
BHR,2015,23734.05511430191
BHR,2016,23800.001440631015
BHR,2017,24784.76935146067
BHR,2018,26324.40665495586
BHR,2019,27259.743859932696
BHR,2020,24342.844455471797
BHR,2021,27147.80838822855
BHR,2022,30470.52192760228
BHR,2023,29290.12842150983
BHR,2024,30048.217771884392
BWA,2012,6595.538450154237
BWA,2013,6666.912195834866
BWA,2014,7122.364234215034
BWA,2015,6141.203947266163
BWA,2016,6749.05994339013
BWA,2017,7104.964010880272
BWA,2018,7407.95940141786
BWA,2019,7172.089564800282
BWA,2020,6323.297498069455
BWA,2021,7807.887945001251
BWA,2022,8328.709056821848
BWA,2023,7826.353764832983
BWA,2024,7695.242064181898
CAF,2012,544.3958491427853
CAF,2013,364.36696260838005
CAF,2014,409.8504859646996
CAF,2015,366.3228539381206
CAF,2016,387.17620344431776
CAF,2017,432.3240256842626
CAF,2018,455.24396285953395
CAF,2019,449.2284676024388
CAF,2020,462.87907129401145
CAF,2021,492.26314283050743
CAF,2022,467.35982502623835
CAF,2023,495.9788972887206
CAF,2024,516.1704245377571
CHE,2012,85836.2076767359
CHE,2013,87304.33058135571
CHE,2014,88724.99107356092
CHE,2015,83806.44760038373
CHE,2016,82153.07454478886
CHE,2017,82254.37704713356
CHE,2018,85217.36915122741
CHE,2019,84121.93103044144
CHE,2020,85897.7843338323
CHE,2021,93664.77366961108
CHE,2022,94394.51068035245
CHE,2023,100631.80275512472
CHE,2024,103669.8720081438
CHN,2012,6405.057424134903
CHN,2013,7147.035186223441
CHN,2014,7781.065974849738
CHN,2015,8175.332850773929
CHN,2016,8254.868593203568
CHN,2017,8979.676527098563
CHN,2018,10085.663814881918
CHN,2019,10342.90095243346
CHN,2020,10627.463798961868
CHN,2021,12887.435724294062
CHN,2022,12970.605641432652
CHN,2023,12951.178239704273
CHN,2024,13303.148154386816
CIV,2012,1546.9460184731029
CIV,2013,1786.1586203132365
CIV,2014,1991.3653942340416
CIV,2015,1814.7185508801674
CIV,2016,1862.5959708128676
CIV,2017,1964.299303383425
CIV,2018,2130.8661938114374
CIV,2019,2141.7683617011467
CIV,2020,2179.7293483293465
CIV,2021,2455.9812762648835
CIV,2022,2333.371283344773
CIV,2023,2554.6730488557646
CIV,2024,2709.8951164125233
CMR,2012,1449.0987436227924
CMR,2013,1575.9288211889684
CMR,2014,1649.443390594896
CMR,2015,1415.0000971056854
CMR,2016,1441.7201725688024
CMR,2017,1496.089517712422
CMR,2018,1610.6964159101708
CMR,2019,1555.2266047647743
CMR,2020,1555.6037066074864
CMR,2021,1672.3265734087217
CMR,2022,1604.8772695489472
CMR,2023,1736.8609107352422
CMR,2024,1762.368350884403
COD,2012,400.0599018243418
COD,2013,431.19152816093504
COD,2014,458.00454177567644
COD,2015,467.9145805459001
COD,2016,442.3104721102276
COD,2017,436.58453468738486
COD,2018,528.2560197778985
COD,2019,557.0441613359174
COD,2020,507.5212300778722
COD,2021,558.034077296358
COD,2022,642.612267148918
COD,2023,633.3956616862978
COD,2024,647.435704836002
COG,2012,3732.327373203891
COG,2013,3697.417058842495
COG,2014,3601.236580871796
COG,2015,2439.351894036956
COG,2016,2093.107285588428
COG,2017,2211.633098747971
COG,2018,2694.4341319142677
COG,2019,2488.424667249158
COG,2020,1993.5866719310018
COG,2021,2516.1625514543157
COG,2022,2620.8380430471275
COG,2023,2477.9784547709223
COG,2024,2482.2489474349477
COM,2012,1490.314256508712
COM,2013,1603.32653496691
COM,2014,1615.7171846020924
COM,2015,1329.3704808997995
COM,2016,1365.484033531583
COM,2017,1423.924802155514
COM,2018,1540.7113233197547
COM,2019,1519.2638632616727
COM,2020,1527.169909279556
COM,2021,1587.7298860147773
COM,2022,1533.8775533215141
COM,2023,1682.2028509572117
COM,2024,1784.115468602928
CZE,2012,20014.035401516467
CZE,2013,20260.49549993748
CZE,2014,20038.41631802569
CZE,2015,17931.59876707676
CZE,2016,18753.96867180957
CZE,2017,20913.197632212043
CZE,2018,23705.932981129885
CZE,2019,24062.719001334306
CZE,2020,23472.891545441667
CZE,2021,27696.461952754424
CZE,2022,28282.22367158567
CZE,2023,31591.056821635695
CZE,2024,31706.623422974262
DEU,2012,44735.58823197014
DEU,2013,47220.010209885135
DEU,2014,48971.082472259935
DEU,2015,41911.01098510537
DEU,2016,42961.035690577504
DEU,2017,45526.599957653285
DEU,2018,48874.859502845364
DEU,2019,47623.865607482854
DEU,2020,47379.76519454801
DEU,2021,52265.65416205709
DEU,2022,49686.11545825826
DEU,2023,53940.407344746214
DEU,2024,55800.21945494122
DJI,2012,1400.193578589536
DJI,2013,2075.944984247476
DJI,2014,2214.620841424321
DJI,2015,2376.1255471987265
DJI,2016,2510.430007624096
DJI,2017,2618.95521147369
DJI,2018,2718.0833879920333
DJI,2019,2837.169023409324
DJI,2020,2844.888106478533
DJI,2021,3025.9112641354923
DJI,2022,3133.2577977246297
DJI,2023,3397.5201577958765
DJI,2024,3496.471118767627
DNK,2012,58443.77471039677
DNK,2013,61377.594059041185
DNK,2014,62520.45097470115
DNK,2015,53094.01336075736
DNK,2016,54500.92604102175
DNK,2017,57521.55149922252
DNK,2018,61324.76650455651
DNK,2019,59404.266324772296
DNK,2020,60985.48856015139
DNK,2021,69727.98736770124
DNK,2022,68091.31911386686
DNK,2023,68453.87692811449
DNK,2024,71851.7562131368
DZA,2012,6033.648846895432
DZA,2013,5979.601389605846
DZA,2014,6094.693923149557
DZA,2015,4685.059027290017
DZA,2016,4424.985290275557
DZA,2017,4554.667539578281
DZA,2018,4577.210291804906
DZA,2019,4468.453418836562
DZA,2020,3743.5419522928983
DZA,2021,4160.559267369248
DZA,2022,4961.552576647326
DZA,2023,5364.027950227306
DZA,2024,5631.17999109851
EGY,2012,2996.0677072015005
EGY,2013,3025.525635524481
EGY,2014,3133.391022655408
EGY,2015,3306.9815941414076
EGY,2016,3270.628776819699
EGY,2017,2395.1033329949128
EGY,2018,2484.7031563050828
EGY,2019,2962.9889202300265
EGY,2020,3511.1138102637947
EGY,2021,3827.354153743081
EGY,2022,4233.307837448563
EGY,2023,3456.7896845625296
EGY,2024,3338.473713958945
ESP,2012,28456.44381514769
ESP,2013,29228.846559842044
ESP,2014,29707.765509467015
ESP,2015,25982.44161977755
ESP,2016,26755.606114939812
ESP,2017,28381.342559690624
ESP,2018,30602.42128811132
ESP,2019,29786.5245689007
ESP,2020,27233.942646160765
ESP,2021,30799.477593777483
ESP,2022,30270.268701745812
ESP,2023,33509.01279821385
ESP,2024,35297.00949955651
EST,2012,17568.213796971362
EST,2013,19310.38749007572
EST,2014,20581.789899169544
EST,2015,17722.155766952314
EST,2016,18666.3736521706
EST,2017,20851.522349686096
EST,2018,23618.13612545807
EST,2019,24021.250141330624
EST,2020,23933.993942106536
EST,2021,27953.767023012646
EST,2022,28451.14778251755
EST,2023,30133.304450454027
EST,2024,31170.091509188704
ETH,2012,452.10103188575357
ETH,2013,484.039833104062
ETH,2014,549.9865770825876
ETH,2015,621.8456738081328
ETH,2016,696.1960848063238
ETH,2017,745.6324339253431
ETH,2018,747.9680036726737
ETH,2019,828.7090805229211
ETH,2020,905.3131592541483
ETH,2021,910.9478870745081
ETH,2022,1011.0733241346222
FIN,2012,47551.67408413692
FIN,2013,49691.01452007388
FIN,2014,50073.776081587115
FIN,2015,42560.34567671027
FIN,2016,43451.25624421576
FIN,2017,46085.017473903594
FIN,2018,49654.24970353289
FIN,2019,48358.180777370086
FIN,2020,48828.68468627994
FIN,2021,53099.13514001479
FIN,2022,50440.56022497404
FIN,2023,52821.51143407167
FIN,2024,53188.618624515795
FRA,2012,40863.581441233335
FRA,2013,42669.17951118927
FRA,2014,43148.0459288416
FRA,2015,36702.432373337935
FRA,2016,37024.21571336689
FRA,2017,38687.162640716364
FRA,2018,41418.17664848442
FRA,2019,40408.28485747505
FRA,2020,39169.860600070715
FRA,2021,43725.0999521245
FRA,2022,41082.81193207471
FRA,2023,44690.93453951175
FRA,2024,46150.487686159264
GAB,2012,9296.965879410882
GAB,2013,9197.701063239467
GAB,2014,9201.362766481054
GAB,2015,7047.126546343554
GAB,2016,6677.070039016437
GAB,2017,6921.73373135624
GAB,2018,7624.277523377101
GAB,2019,7441.178647228097
GAB,2020,6605.803460779041
GAB,2021,8181.409141343981
GAB,2022,8409.207414522787
GAB,2023,8071.39777400455
GAB,2024,8218.763070618485
GBR,2012,42490.146546352065
GBR,2013,43419.03525989323
GBR,2014,47426.6209829995
GBR,2015,44983.88552293405
GBR,2016,40988.10442330255
GBR,2017,40629.234034734545
GBR,2018,43315.48745013178
GBR,2019,42794.00226482881
GBR,2020,40404.806223895066
GBR,2021,46926.475736105014
GBR,2022,46062.99140796976
GBR,2023,49200.81015261457
GBR,2024,52636.78659438527
GHA,2012,1543.7752423576376
GHA,2013,2294.795846937434
GHA,2014,1949.908329238455
GHA,2015,1722.7728283360616
GHA,2016,1912.4799133995061
GHA,2017,2012.2866264126542
GHA,2018,2195.3216601637732
GHA,2019,2186.6582268261286
GHA,2020,2195.4548165998676
GHA,2021,2445.18662529344
GHA,2022,2229.89122647803
GHA,2023,2383.9041048341815
GHA,2024,2405.7946637808286
GIN,2012,699.3533772121965
GIN,2013,748.4550208247343
GIN,2014,765.1469993892789
GIN,2015,747.3569667594476
GIN,2016,711.9965097823158
GIN,2017,833.598621691121
GIN,2018,933.273615633705
GIN,2019,1031.341464807319
GIN,2020,1053.660976964146
GIN,2021,1244.9655047791368
GIN,2022,1416.5961201176417
GIN,2023,1555.4937580686064
GIN,2024,1717.0231812077927
GMB,2012,692.579361628102
GMB,2013,653.8627132727431
GMB,2014,568.0045355886399
GMB,2015,619.5363642964605
GMB,2016,650.0565013236113
GMB,2017,642.5226412963307
GMB,2018,696.2198069606148
GMB,2019,738.1867519874828
GMB,2020,720.3351433521331
GMB,2021,781.8909251695309
GMB,2022,836.2448755826309
GMB,2023,888.1574074419019
GMB,2024,908.5256741509647
GNB,2012,635.4616533038806
GNB,2013,654.304534409417
GNB,2014,652.0225010294494
GNB,2015,645.0668372070388
GNB,2016,679.6653866268176
GNB,2017,783.123186602022
GNB,2018,808.531613218504
GNB,2019,807.4255248728346
GNB,2020,836.2673142373203
GNB,2021,912.4841046928469
GNB,2022,873.4378618754282
GNB,2023,964.9275542189088
GNB,2024,962.983627901892
GNQ,2012,17308.57239245747
GNQ,2013,16304.071319641815
GNQ,2014,15548.662465661924
GNQ,2015,9068.910032386446
GNQ,2016,7453.197979485167
GNQ,2017,7809.104656554882
GNQ,2018,8102.470848340313
GNQ,2019,6804.149230738878
GNQ,2020,5764.055029129468
GNQ,2021,6945.630697945393
GNQ,2022,7589.299649093814
GNQ,2023,6677.793435386001
GNQ,2024,6745.40013244916
GRC,2012,21624.346052551045
GRC,2013,21573.344976280474
GRC,2014,21474.725712389194
GRC,2015,17980.72982381374
GRC,2016,17919.24263770477
GRC,2017,18631.99301292935
GRC,2018,19873.401523877146
GRC,2019,19335.360200296866
GRC,2020,17886.733165236048
GRC,2021,20654.7001960815
GRC,2022,20971.834925828334
GRC,2023,23400.727881769137
GRC,2024,24752.106840168104
HRV,2012,13508.68369896929
HRV,2013,14136.396766950451
HRV,2014,14187.969453149337
HRV,2015,12285.303258210532
HRV,2016,12821.173814030428
HRV,2017,13902.631048542222
HRV,2018,15460.418329584349
HRV,2019,15563.816739719914
HRV,2020,14808.462018881932
HRV,2021,17789.930473672237
HRV,2022,18466.095547264755
HRV,2023,21865.456283864052
HRV,2024,23931.452838274574
HUN,2012,12950.159448814284
HUN,2013,13739.462015140127
HUN,2014,14352.501883173978
HUN,2015,12782.941257797267
HUN,2016,13215.860527778877
HUN,2017,14736.166815725837
HUN,2018,16605.05705118868
HUN,2019,17012.859855319868
HUN,2020,16386.93088212582
HUN,2021,19030.62813032901
HUN,2022,18483.636686703485
HUN,2023,22312.17902897625
HUN,2024,23310.75127339573
IDN,2012,3632.2725403033064
IDN,2013,3566.6028450607755
IDN,2014,3441.068084640084
IDN,2015,3288.222697255384
IDN,2016,3521.469434575738
IDN,2017,3798.8832617452576
IDN,2018,3860.9535309072558
IDN,2019,4106.948561603577
IDN,2020,3853.7028877414587
IDN,2021,4287.173139950984
IDN,2022,4730.834848361069
IDN,2023,4876.3077451225245
IDN,2024,4925.430487518614
IND,2012,1429.321995200319
IND,2013,1432.843975121953
IND,2014,1553.8839607511832
IND,2015,1583.998159079848
IND,2016,1707.5089291224338
IND,2017,1950.1046828086635
IND,2018,1966.254551716789
IND,2019,2041.4286369858535
IND,2020,1907.042516376687
IND,2021,2239.6138436748224
IND,2022,2347.4482943462317
IND,2023,2530.120312782038
IND,2024,2696.663899844631
IRL,2012,49411.73874767873
IRL,2013,52619.212374581715
IRL,2014,57278.25909111072
IRL,2015,64311.823468405746
IRL,2016,64192.94180531784
IRL,2017,72198.1076995377
IRL,2018,80738.96288346963
IRL,2019,81810.19264814066
IRL,2020,86622.50672512945
IRL,2021,103961.97635064943
IRL,2022,105234.51156759709
IRL,2023,103887.80038808093
IRL,2024,107316.33730692079
IRN,2012,8114.080998318772
IRN,2013,6222.741948403264
IRN,2014,5672.063728963186
IRN,2015,4952.733555321775
IRN,2016,5477.037123899129
IRN,2017,5753.115446593992
IRN,2018,4631.787090165143
IRN,2019,3831.2789476333733
IRN,2020,2988.781224147159
IRN,2021,4334.792686313537
IRN,2022,4405.092915197908
IRN,2023,4465.637668533057
IRN,2024,4771.40029026226
IRQ,2012,6477.596184509547
IRQ,2013,6650.352822473952
IRQ,2014,6249.3922697896905
IRQ,2015,4440.141892523674
IRQ,2016,4334.4209640418785
IRQ,2017,4759.284643546699
IRQ,2018,5646.689320747416
IRQ,2019,5671.856863294203
IRQ,2020,4295.189451212281
IRQ,2021,4868.494310807826
IRQ,2022,6520.73154560584
IRQ,2023,5965.318350777613
IRQ,2024,6073.610323427084
ITA,2012,34854.39494419646
ITA,2013,35701.67460023755
ITA,2014,36028.34940223488
ITA,2015,30639.882975143213
ITA,2016,31391.569289810846
ITA,2017,32844.115660604024
ITA,2018,34904.10819238336
ITA,2019,33812.788724867976
ITA,2020,32091.48666213664
ITA,2021,36852.542541495095
ITA,2022,35653.9042103495
ITA,2023,39065.42443656329
ITA,2024,40226.0472416173
JOR,2012,4169.504700546181
JOR,2013,4311.219167130379
JOR,2014,4191.180500849864
JOR,2015,4042.756780975546
JOR,2016,3986.7167701085286
JOR,2017,4065.6162874938427
JOR,2018,4145.439896732647
JOR,2019,4170.114400346496
JOR,2020,4022.0401356134957
JOR,2021,4183.4999832686635
JOR,2022,4332.251598979315
JOR,2023,4466.083142085751
JOR,2024,4618.095924985674
JPN,2012,49145.28043081928
JPN,2013,40898.64789647444
JPN,2014,38475.39524618382
JPN,2015,34960.63938433849
JPN,2016,39375.47316207813
JPN,2017,38834.05293412266
JPN,2018,39751.13309827112
JPN,2019,40415.956764954695
JPN,2020,40028.734172676246
JPN,2021,40094.55997952878
JPN,2022,34065.64389625263
JPN,2023,33836.17562716171
JPN,2024,32475.89249921912
KAZ,2012,12018.796652799263
KAZ,2013,13478.459627611956
KAZ,2014,12427.709457693862
KAZ,2015,10196.122625598211
KAZ,2016,7475.566886894244
KAZ,2017,8943.084167919838
KAZ,2018,9472.485273277582
KAZ,2019,9457.126146571356
KAZ,2020,8781.507977876476
KAZ,2021,9983.601035769021
KAZ,2022,11255.339643788113
KAZ,2023,12879.427525797384
KAZ,2024,14005.348736234479
KEN,2012,1285.005361715117
KEN,2013,1370.8788521465926
KEN,2014,1482.8156625349743
KEN,2015,1489.1195977728398
KEN,2016,1554.1261031442327
KEN,2017,1667.4844723083543
KEN,2018,1836.4527552899294
KEN,2019,1960.408088548926
KEN,2020,1927.6645902784887
KEN,2021,2061.3562208959406
KEN,2022,2109.562885131375
KEN,2023,1952.3045792963608
KEN,2024,2206.1349785176008
KGZ,2012,1168.6224467544575
KGZ,2013,1269.6630346434772
KGZ,2014,1264.5266882389074
KGZ,2015,1105.6519384426072
KGZ,2016,1103.2748942841188
KGZ,2017,1221.3904680708185
KGZ,2018,1283.520303741702
KGZ,2019,1421.9992750410186
KGZ,2020,1229.517666029075
KGZ,2021,1349.9973065054235
KGZ,2022,1739.7201834417447
KGZ,2023,2138.22210211478
KGZ,2024,2419.265535745231
KHM,2012,1192.8026304167313
KHM,2013,1305.6600972685976
KHM,2014,1431.5639646999336
KHM,2015,1547.320104443935
KHM,2016,1675.1955571110864
KHM,2017,1826.353916887541
KHM,2018,2036.6737756657817
KHM,2019,2225.877054856862
KHM,2020,2081.7391424293914
KHM,2021,2167.403241984992
KHM,2022,2325.0305004084116
KHM,2023,2429.748534528382
KHM,2024,2627.8796974226007
KOR,2012,25459.16890009645
KOR,2013,27179.51701460517
KOR,2014,29252.931237735243
KOR,2015,28737.439170649883
KOR,2016,29280.440317004843
KOR,2017,31600.735874136455
KOR,2018,33447.15628361658
KOR,2019,31902.416904819416
KOR,2020,31721.298914185674
KOR,2021,35125.52249847225
KOR,2022,32394.683372520318
KOR,2023,33121.37128855084
KWT,2012,52155.222546047924
KWT,2013,49651.04397094482
KWT,2014,44368.781373043035
KWT,2015,29882.212686706844
KWT,2016,27323.689064384704
KWT,2017,29047.653582284198
KWT,2018,32067.96236895116
KWT,2019,31707.87374649174
KWT,2020,25236.075552053397
KWT,2021,34018.63428796473
KWT,2022,39981.769098195735
KWT,2023,34075.84904398466
KWT,2024,32213.862229231632
LAO,2012,1563.5650771336964
LAO,2013,1812.5177442465056
LAO,2014,1981.0391090047272
LAO,2015,2121.013390973629
LAO,2016,2303.2215603536265
LAO,2017,2432.4305947851135
LAO,2018,2545.1075420815
LAO,2019,2589.3208103523716
LAO,2020,2583.7773069613104
LAO,2021,2526.0510501852928
LAO,2022,2046.4044025562052
LAO,2023,2066.9497977695714
LAO,2024,2123.979094117969
LBN,2012,8406.984056081175
LBN,2013,8162.379293613964
LBN,2014,7577.641330236905
LBN,2015,7714.109999880404
LBN,2016,8089.012088155
LBN,2017,8608.21084982387
LBN,2018,9174.536662047589
LBN,2019,8905.880054974366
LBN,2020,5561.19166950397
LBN,2021,4045.3739106623375
LBN,2022,3654.358455348785
LBN,2023,3477.7248984268376
LBR,2012,638.3687514620826
LBR,2013,710.7445709278632
LBR,2014,706.7144900645072
LBR,2015,692.590082351257
LBR,2016,714.6130631456588
LBR,2017,699.2690957274035
LBR,2018,692.2031271297944
LBR,2019,658.1641807705065
LBR,2020,616.787867006715
LBR,2021,667.9661051431905
LBR,2022,744.617175237387
LBR,2023,799.1944702296419
LBR,2024,846.2773683873891
LBY,2012,14975.890279514448
LBY,2013,11951.713412601106
LBY,2014,8926.420745914742
LBY,2015,7458.489177563744
LBY,2016,7525.8029930821585
LBY,2017,9965.832367297568
LBY,2018,11196.585481084374
LBY,2019,9963.194890844828
LBY,2020,6650.338105853479
LBY,2021,4935.827873498015
LBY,2022,5986.636948512581
LBY,2023,6172.81246940233
LBY,2024,6318.403140310168
LKA,2012,3327.7761240432596
LKA,2013,3740.615893483262
LKA,2014,3971.919131481664
LKA,2015,4057.715834623104
LKA,2016,4149.191907755932
LKA,2017,4398.888280687147
LKA,2018,4358.560959060474
LKA,2019,4081.9477272200284
LKA,2020,3847.6013769563947
LKA,2021,3996.962400149092
LKA,2022,3342.636502538553
LKA,2023,3798.8901657301144
LKA,2024,4515.56787322732
LSO,2012,1217.9307122894418
LSO,2013,1151.0373583722674
LSO,2014,1173.5377928819003
LSO,2015,1121.1985134251822
LSO,2016,992.4918406784651
LSO,2017,1069.366732475424
LSO,2018,1170.6556970281936
LSO,2019,1082.0570677751584
LSO,2020,918.5825774219816
LSO,2021,1066.5864360009298
LSO,2022,1030.1257962883285
LSO,2023,916.2829704638878
LSO,2024,971.8146204687877
LTU,2012,14288.185349313851
LTU,2013,15636.525258604766
LTU,2014,16446.164718166307
LTU,2015,14269.803987828654
LTU,2016,14934.270284042841
LTU,2017,16800.151024609866
LTU,2018,19247.231536796684
LTU,2019,19608.794394555272
LTU,2020,20428.647815739412
LTU,2021,23870.459485172207
LTU,2022,25085.784063499046
LTU,2023,27786.005782927572
LTU,2024,29386.287835018662
LVA,2012,13329.349993127104
LVA,2013,14484.47152821325
LVA,2014,15185.81458123595
LVA,2015,13321.975314061563
LVA,2016,13838.526682327232
LVA,2017,15132.495833398172
LVA,2018,17252.171042862567
LVA,2019,17294.975160096918
LVA,2020,17564.232154935427
LVA,2021,20261.888778891633
LVA,2022,20227.230743158063
LVA,2023,22675.578629540683
LVA,2024,23367.598678896065
MAR,2012,3164.17724609375
MAR,2013,3379.7431640625
MAR,2014,3435.40698242188
MAR,2015,3146.24780273438
MAR,2016,3140.85546875
MAR,2017,3296.52661132813
MAR,2018,3501.69799804688
MAR,2019,3508.09765625
MAR,2020,3268.0302734375
MAR,2021,3785.93627929688
MAR,2022,3455.39624023438
MAR,2023,3771.4462890625
MAR,2024,3993.38745117188
MDG,2012,493.5111629042107
MDG,2013,515.3015893618319
MDG,2014,505.6849225034353
MDG,2015,445.32006948056755
MDG,2016,453.97071452246337
MDG,2017,491.8668487189288
MDG,2018,500.4571855291595
MDG,2019,499.8188376225341
MDG,2020,450.77161520150946
MDG,2021,483.4694633513706
MDG,2022,503.5145334728794
MDG,2023,508.7184277057355
MDG,2024,544.9973026931273
MLI,2012,878.2171753448575
MLI,2013,903.1904525123781
MLI,2014,940.243260037952
MLI,2015,838.1198694010295
MLI,2016,872.4685871716532
MLI,2017,924.0575316922835
MLI,2018,996.3792921369012
MLI,2019,971.9493186380917
MLI,2020,953.2429432909743
MLI,2021,1027.2734536535686
MLI,2022,969.7222056056203
MLI,2023,1035.862426284115
MLI,2024,1086.1762176779037
MMR,2012,1202.6658960055008
MMR,2013,1199.0956159705486
MMR,2014,1293.0004229868816
MMR,2015,1166.7330554633684
MMR,2016,1229.1971351589325
MMR,2017,1272.8224183060327
MMR,2018,1298.2131032078464
MMR,2019,1425.9895421190286
MMR,2020,1490.2168354836733
MMR,2021,1242.7213441959868
MMR,2022,1158.0500503433166
MMR,2023,1233.1966620926912
MMR,2024,1359.2596139413524
MNG,2012,4328.890019056554
MNG,2013,4340.143105444494
MNG,2014,4126.239758005238
MNG,2015,3838.921269899843
MNG,2016,3619.9002638379216
MNG,2017,3645.9670866955144
MNG,2018,4107.6428852846775
MNG,2019,4347.54610314873
MNG,2020,4001.251930777028
MNG,2021,4517.61578018785
MNG,2022,4993.514874634954
MNG,2023,5838.6310808390235
MNG,2024,6691.482098342281
MOZ,2012,685.6857481995128
MOZ,2013,686.505672517351
MOZ,2014,697.1426804441226
MOZ,2015,610.5637747065892
MOZ,2016,441.4897348190715
MOZ,2017,470.9385630519602
MOZ,2018,517.5072602581007
MOZ,2019,519.0925509136196
MOZ,2020,462.4338764799215
MOZ,2021,509.90782947555147
MOZ,2022,578.251663751351
MOZ,2023,622.9856193205957
MOZ,2024,647.2857995020698
MRT,2012,1859.1173324764088
MRT,2013,1934.2410306471409
MRT,2014,1713.008652642339
MRT,2015,1554.9489787178247
MRT,2016,1565.7657572269575
MRT,2017,1615.0040132732322
MRT,2018,1722.9352885407272
MRT,2019,1767.0727106209977
MRT,2020,1795.7645956671436
MRT,2021,1947.789183833133
MRT,2022,1960.352400774235
MRT,2023,2120.8231842174737
MRT,2024,2082.7837442371365
MUS,2012,9291.23627601053
MUS,2013,9764.644130600449
MUS,2014,10366.355075493615
MUS,2015,9507.871336564236
MUS,2016,9965.725310852278
MUS,2017,10841.68477548439
MUS,2018,11643.4605962124
MUS,2019,11403.252787067413
MUS,2020,9011.042884450235
MUS,2021,9068.973002267072
MUS,2022,10223.788231657354
MUS,2023,11182.186568616036
MUS,2024,11871.733679438037
MWI,2012,558.46208832772
MWI,2013,496.94736826731287
MWI,2014,529.5133440205997
MWI,2015,539.605363240686
MWI,2016,450.50610551071867
MWI,2017,495.76968336716527
MWI,2018,533.2031736867051
MWI,2019,580.8898160667763
MWI,2020,602.5074781761056
MWI,2021,617.4475208024538
MWI,2022,604.2697511845147
MWI,2023,602.343619809252
MWI,2024,508.3712735317081
MYS,2012,10600.574424002583
MYS,2013,10713.640763889869
MYS,2014,11013.310733440316
MYS,2015,9648.679793752302
MYS,2016,9476.534098099228
MYS,2017,9862.548066122346
MYS,2018,10901.80199544212
MYS,2019,10920.191763972032
MYS,2020,9957.526266976134
MYS,2021,10903.111642593807
MYS,2022,11748.091930794435
MYS,2023,11379.085192355718
MYS,2024,11867.258643544259
NAM,2012,5942.646809786729
NAM,2013,5346.621311499674
NAM,2014,5378.323262412051
NAM,2015,4774.106508657753
NAM,2016,4395.687761623764
NAM,2017,5143.960723230756
NAM,2018,5308.608134087051
NAM,2019,4731.921031883102
NAM,2020,3878.589829939662
NAM,2021,4412.835569305204
NAM,2022,4349.799084933142
NAM,2023,4187.605003507864
NAM,2024,4413.127441864595
NER,2012,528.5101044696552
NER,2013,552.1033343631171
NER,2014,565.3098973117496
NER,2015,485.6625741752788
NER,2016,502.70647540644563
NER,2017,521.8041300234345
NER,2018,578.5680356808915
NER,2019,561.6913043496979
NER,2020,579.5124957582361
NER,2021,608.722439593808
NER,2022,609.7451476616831
NER,2023,638.3360807232988
NER,2024,722.7486503262572
NGA,2012,2633.197346713614
NGA,2013,2872.790833793982
NGA,2014,3088.7213131616927
NGA,2015,2585.733606717974
NGA,2016,2070.412733959496
NGA,2017,1876.3402711177298
NGA,2018,2057.8794455401057
NGA,2019,2265.1552086305574
NGA,2020,2019.6570632622404
NGA,2021,2017.2748648152663
NGA,2022,2139.3747847697355
NGA,2023,1596.6369612900096
NGA,2024,806.9456950552443
NLD,2012,50473.94420026887
NLD,2013,52602.28605207657
NLD,2014,53457.22348643223
NLD,2015,45793.81354346971
NLD,2016,46808.52914925029
NLD,2017,49513.6817346384
NLD,2018,53955.07700242659
NLD,2019,53554.900749147506
NLD,2020,53467.92774137373
NLD,2021,60141.98809114923
NLD,2022,59123.31855648699
NLD,2023,64572.00595588537
NLD,2024,68218.72610194064
NOR,2012,102175.91929837366
NOR,2013,103553.84013441675
NOR,2014,97666.69518387492
NOR,2015,74809.96580498976
NOR,2016,70867.36099707492
NOR,2017,76131.83840327642
NOR,2018,82792.84271133045
NOR,2019,76430.58894733385
NOR,2020,68340.01810337017
NOR,2021,93072.89251195709
NOR,2022,109269.52058029761
NOR,2023,87497.32892973417
NOR,2024,86809.72468974315
NPL,2012,788.2029371483766
NPL,2013,803.2695954204771
NPL,2014,821.455224911731
NPL,2015,875.5436354748624
NPL,2016,877.2564546967368
NPL,2017,1034.2837490684637
NPL,2018,1179.1984319038922
NPL,2019,1203.142947064013
NPL,2020,1154.215175783182
NPL,2021,1252.7507673198581
NPL,2022,1385.9106627485075
NPL,2023,1382.3305576930356
NPL,2024,1447.310044584281
OMN,2012,24642.297876859564
OMN,2013,23458.02338400529
OMN,2014,23160.65022525467
OMN,2015,18808.30779218389
OMN,2016,17110.189746054482
OMN,2017,17820.066180933452
OMN,2018,19901.76156420162
OMN,2019,19180.186415280146
OMN,2020,16784.86306300576
OMN,2021,19403.460016021098
OMN,2022,23223.582940593456
OMN,2023,20972.48308866368
OMN,2024,20248.416812460775
PAK,2012,1204.364754915847
PAK,2013,1225.4340119198034
PAK,2014,1266.6134084995933
PAK,2015,1380.4702083831723
PAK,2016,1424.6916119589737
PAK,2017,1519.2345951424784
PAK,2018,1569.3381462635487
PAK,2019,1390.416909817447
PAK,2020,1278.3973520689553
PAK,2021,1455.3192237018598
PAK,2022,1538.3228133170996
PAK,2023,1365.1692741097577
PAK,2024,1484.7498586477516
PHL,2012,2614.6164440130824
PHL,2013,2781.2795767739717
PHL,2014,2866.838037614072
PHL,2015,2909.8581801030064
PHL,2016,2985.195640240464
PHL,2017,3038.1212495928917
PHL,2018,3168.5103660972686
PHL,2019,3400.789497670743
PHL,2020,3227.579102351993
PHL,2021,3484.3859388281885
PHL,2022,3548.0693057211556
PHL,2023,3804.0827413109687
PHL,2024,3984.8315387656016
POL,2012,13087.42094332095
POL,2013,13621.902379403095
POL,2014,14262.284191411594
POL,2015,12637.522032440615
POL,2016,12464.012104482732
POL,2017,13913.341519012441
POL,2018,15658.210586692961
POL,2019,15874.522053125382
POL,2020,16150.92910097257
POL,2021,18635.50888125089
POL,2022,18891.213529395965
POL,2023,22145.264308890855
POL,2024,25022.67164459534
PRT,2012,20593.4274224109
PRT,2013,21676.485964271385
PRT,2014,22120.685012710746
PRT,2015,19215.781301434683
PRT,2016,19980.280886651573
PRT,2017,21442.384276887915
PRT,2018,23541.14010752886
PRT,2019,23343.362897003433
PRT,2020,22299.404406217305
PRT,2021,24711.451006211093
PRT,2022,24620.519556875042
PRT,2023,27386.292059502382
PRT,2024,28844.497924679894
QAT,2012,108470.378825036
QAT,2013,103697.00837237282
QAT,2014,95840.6310094498
QAT,2015,68985.29469615073
QAT,2016,61253.63754827974
QAT,2017,63279.855694933154
QAT,2018,71039.8490579352
QAT,2019,66841.30134849194
QAT,2020,51683.50543766771
QAT,2021,71751.88312571691
QAT,2022,88701.46335227301
QAT,2023,80195.87465085486
QAT,2024,76275.90767828333
ROU,2012,8929.953662314741
ROU,2013,9497.674116152373
ROU,2014,10031.771075540391
ROU,2015,8977.017481581965
ROU,2016,9404.540058707149
ROU,2017,10727.982200742588
ROU,2018,12502.262406193502
ROU,2019,12992.032610467375
ROU,2020,13082.300655955389
ROU,2021,14986.785490427405
ROU,2022,15557.882624758362
ROU,2023,18404.27308717039
ROU,2024,20072.407924404197
RWA,2012,706.8172686891002
RWA,2013,704.9242179661595
RWA,2014,724.9575261092621
RWA,2015,733.9986303923145
RWA,2016,729.5191340446113
RWA,2017,758.3009667376243
RWA,2018,771.7735110579006
RWA,2019,810.0514121373539
RWA,2020,778.7014987874107
RWA,2021,829.5448456397766
RWA,2022,975.4693239795414
RWA,2023,1027.0344680443206
RWA,2024,999.6545614026985
SAU,2012,28733.437551345218
SAU,2013,27865.465604962024
SAU,2014,27805.48503194224
SAU,2015,23256.154955353068
SAU,2016,22267.721705038737
SAU,2017,23929.290713598155
SAU,2018,29360.065896856635
SAU,2019,29566.79338274359
SAU,2020,24338.830730106733
SAU,2021,31920.765365564308
SAU,2022,38510.22762110374
SAU,2023,36156.848337700976
SAU,2024,35057.225230696946
SDN,2012,1019.22210693359
SDN,2013,1138.62780761719
SDN,2014,1275.43835449219
SDN,2015,1292.37963867188
SDN,2016,1033.21594238281
SDN,2017,966.505676269531
SDN,2018,731.027465820313
SDN,2019,709.975280761719
SDN,2020,577.795227050781
SDN,2021,712.122009277344
SDN,2022,1046.24084472656
SDN,2023,797.283447265625
SDN,2024,989.312866210938
SEN,2012,1326.837988483788
SEN,2013,1379.831965539237
SEN,2014,1398.8913760138187
SEN,2015,1218.0061355543774
SEN,2016,1266.439571515872
SEN,2017,1356.8051844903102
SEN,2018,1452.556125624453
SEN,2019,1431.1812893215913
SEN,2020,1461.087203505526
SEN,2021,1598.1067695227428
SEN,2022,1574.0281059305996
SEN,2023,1698.0338730084263
SEN,2024,1743.9888838435945
SGP,2012,55547.55530777861
SGP,2013,56967.42579403833
SGP,2014,57564.80231149774
SGP,2015,55645.60686146057
SGP,2016,57005.58871765469
SGP,2017,61236.251270626955
SGP,2018,66881.60670352653
SGP,2019,65952.03789592929
SGP,2020,61410.079263078835
SGP,2021,80056.12882478436
SGP,2022,90299.0694637269
SGP,2023,85412.23034523505
SGP,2024,90674.066632628
SLE,2012,937.504428180231
SLE,2013,1117.471830751147
SLE,2014,1117.758646572104
SLE,2015,964.5759808889885
SLE,2016,844.4164111754764
SLE,2017,779.1860078417283
SLE,2018,845.9145404609322
SLE,2019,844.0495551791156
SLE,2020,845.9829142845655
SLE,2021,886.1929391044689
SLE,2022,860.774590932595
SLE,2023,757.8486805604443
SLE,2024,873.388575182318
SOM,2012,350.2619467205121
SOM,2013,393.3987039529792
SOM,2014,429.43165672510173
SOM,2015,445.583080073396
SOM,2016,460.928490585175
SOM,2017,510.93995231772567
SOM,2018,509.52580189850846
SOM,2019,539.8939315654069
SOM,2020,518.1847784943341
SOM,2021,549.1147427217014
SOM,2022,573.1280924723494
SOM,2023,597.4588546030427
SOM,2024,636.9834775892725
SSD,2012,1109.2605008340763
SSD,2013,1650.1894335352792
SSD,2014,1242.7345018103244
SSD,2015,1080.1471862476544
SWE,2012,57749.825132866434
SWE,2013,60844.27671139754
SWE,2014,59583.71400016732
SWE,2015,51197.95293411751
SWE,2016,51820.39724826757
SWE,2017,53300.85872817852
SWE,2018,54181.90697809045
SWE,2019,51773.04645589933
SWE,2020,52653.75659342474
SWE,2021,61174.96802156223
SWE,2022,55296.93714725353
SWE,2023,55567.089008049596
SWE,2024,57723.23450315322
SWZ,2012,4347.995693366309
SWZ,2013,3951.1200813900573
SWZ,2014,3771.9079645840648
SWZ,2015,3420.7535706727886
SWZ,2016,3239.8070750141424
SWZ,2017,3853.9914791810215
SWZ,2018,3973.4634493366707
SWZ,2019,3913.1264396930096
SWZ,2020,3454.7842174460034
SWZ,2021,3966.298632538323
SWZ,2022,3889.6527695916106
SWZ,2023,3741.6901074541574
SWZ,2024,3936.1096924237077
SYR,2012,1897.6611501869634
SYR,2013,985.8926692270542
SYR,2014,1060.5910588685424
SYR,2015,847.7316319425646
SYR,2016,656.3490586313004
SYR,2017,851.5020052541528
SYR,2018,1098.0668642356993
SYR,2019,1109.539260360489
SYR,2020,572.3552898319015
SYR,2021,663.6142457068148
SYR,2022,1051.6714958746265
SYR,2023,847.3727234185315
TCD,2012,1354.3434470193736
TCD,2013,1304.8874297147465
TCD,2014,1278.7898142249378
TCD,2015,993.9907306108692
TCD,2016,861.8317676307461
TCD,2017,854.4612004009803
TCD,2018,948.6566298712311
TCD,2019,893.3364416433249
TCD,2020,866.9478148904094
TCD,2021,946.3585002083736
TCD,2022,966.0364682785677
TCD,2023,989.0585289685885
TCD,2024,1016.0888066271244
TGO,2012,762.3920475870876
TGO,2013,826.5432594571259
TGO,2014,855.5852848566562
TGO,2015,751.0524050843359
TGO,2016,772.5817870939759
TGO,2017,792.7654872190692
TGO,2018,851.1308068918074
TGO,2019,826.2606540998936
TGO,2020,853.5782202637218
TGO,2021,939.6133737864067
TGO,2022,898.7581544107125
TGO,2023,985.6975126299735
TGO,2024,1043.1409288976479
THA,2012,5725.5280283546335
THA,2013,6018.082447292549
THA,2014,5801.1978916205
THA,2015,5688.853353978842
THA,2016,5833.577156170984
THA,2017,6413.091825303433
THA,2018,7099.776500814575
THA,2019,7605.696577977591
THA,2020,6985.643938925742
THA,2021,7057.2075480227895
THA,2022,6909.352818158268
THA,2023,7195.101309194487
THA,2024,7345.135690003767
TJK,2012,952.4528196954687
TJK,2013,1028.197042793961
TJK,2014,1081.5440293203876
TJK,2015,956.916310930656
TJK,2016,788.710481734485
TJK,2017,829.4571476495696
TJK,2018,834.2884045788009
TJK,2019,871.0223729348457
TJK,2020,834.3117154606249
TJK,2021,896.7480533721822
TJK,2022,1052.1794948489417
TJK,2023,1178.4799006024875
TJK,2024,1341.2022902767226
TKM,2012,6053.874846874895
TKM,2013,6599.645290554815
TKM,2014,7164.145361840064
TKM,2015,5759.497903834004
TKM,2016,5686.980409627638
TKM,2017,5828.481662348902
TKM,2018,6125.0516971208535
TKM,2019,6648.034896062804
TKM,2020,6592.601460277483
TKM,2021,7051.202110792134
TKM,2022,8156.3521195077365
TKM,2023,8232.65225980002
TKM,2024,8571.607029494322
TUN,2012,4297.267824542726
TUN,2013,4369.79345826358
TUN,2014,4458.978954645474
TUN,2015,4014.9477368643215
TUN,2016,3847.8035444880866
TUN,2017,3619.0324731995315
TUN,2018,3628.1036646423577
TUN,2019,3528.8721330679796
TUN,2020,3548.6536366380274
TUN,2021,3906.9392631939077
TUN,2022,3708.8481241035984
TUN,2023,3950.375341981596
TUN,2024,4350.3717971874985
TUR,2012,11713.284983113903
TUR,2013,12578.187863200044
TUR,2014,12165.22013503798
TUR,2015,11049.995110094245
TUR,2016,10970.045894886165
TUR,2017,10695.550196231012
TUR,2018,9568.835063302282
TUR,2019,9215.440498881144
TUR,2020,8638.739038481022
TUR,2021,9743.212778048553
TUR,2022,10674.504157864985
TUR,2023,13105.658500477753
TUR,2024,15473.287263685574
TZA,2012,861.969909667969
TZA,2013,963.05712890625
TZA,2014,1022.74841308594
TZA,2015,939.127319335938
TZA,2016,953.0107421875
TZA,2017,986.674011230469
TZA,2018,1023.10626220703
TZA,2019,1063.32250976563
TZA,2020,1117.41528320313
TZA,2021,1159.85656738281
TZA,2022,1207.85302734375
TZA,2023,1224.48962402344
TZA,2024,1185.74548339844
UGA,2012,795.222867553127
UGA,2013,818.2854274167128
UGA,2014,896.0547955463935
UGA,2015,862.9346103558107
UGA,2016,752.6965717256556
UGA,2017,765.2183322973606
UGA,2018,792.1657002281404
UGA,2019,822.1711501416511
UGA,2020,845.7664638500104
UGA,2021,882.791717442001
UGA,2022,963.0673142334972
UGA,2023,1002.3091390885152
UGA,2024,1072.7136983769542
UZB,2012,2307.346491171846
UZB,2013,2461.979474035951
UZB,2014,2674.9628382103024
UZB,2015,2803.190180217509
UZB,2016,2753.379514275888
UZB,2017,2190.604115628878
UZB,2018,1813.0853081366367
UZB,2019,2041.384807294311
UZB,2020,1978.280518607626
UZB,2021,2258.519641192782
UZB,2022,2578.6668939421884
UZB,2023,2878.9687929245074
UZB,2024,3161.7001063287503
VNM,2012,2185.117676542914
VNM,2013,2359.517364728279
VNM,2014,2546.3846445990334
VNM,2015,2577.568853401125
VNM,2016,2735.060438041602
VNM,2017,2956.1099212775316
VNM,2018,3222.3100312536644
VNM,2019,3440.9002537543365
VNM,2020,3534.0395348264683
VNM,2021,3704.193559003796
VNM,2022,4147.69777213621
VNM,2023,4323.3503198245135
VNM,2024,4717.290287324488
YEM,2012,1245.0506827158558
YEM,2013,1378.7500295461061
YEM,2014,1430.1642096417968
YEM,2015,1362.1738120559298
YEM,2016,975.3594170032254
YEM,2017,811.165970405745
YEM,2018,633.887202450998
ZAF,2012,8076.976784797406
ZAF,2013,7331.6546738491925
ZAF,2014,6856.731370925222
ZAF,2015,6112.273824859742
ZAF,2016,5651.205851657492
ZAF,2017,6618.335082557006
ZAF,2018,6914.178031807599
ZAF,2019,6533.711210328561
ZAF,2020,5580.603830751887
ZAF,2021,6843.399418862039
ZAF,2022,6523.410978158534
ZAF,2023,6022.54254192335
ZAF,2024,6253.37158194543
ZMB,2012,1710.0506134372813
ZMB,2013,1820.718548273905
ZMB,2014,1707.485731366938
ZMB,2015,1295.877886800678
ZMB,2016,1239.0852787771328
ZMB,2017,1483.4657732806522
ZMB,2018,1463.8999785559306
ZMB,2019,1258.9861984446204
ZMB,2020,951.6443166559574
ZMB,2021,1127.1607787285725
ZMB,2022,1447.1231013803463
ZMB,2023,1330.7278057670908
ZMB,2024,1235.0846648251413
ZWE,2012,1238.5947948143332
ZWE,2013,1362.2995293239594
ZWE,2014,1372.214746103728
ZWE,2015,1386.4185592757474
ZWE,2016,1407.4209641321224
ZWE,2017,3448.0869906882385
ZWE,2018,2271.8525036581664
ZWE,2019,1683.9131358414124
ZWE,2020,1730.4539103470076
ZWE,2021,1724.3872710227245
ZWE,2022,2040.5465870539513
ZWE,2023,2156.034093229838
ZWE,2024,2656.409376543325
