country,year,land_area
AGO,2012,1246700.0
ALB,2012,27400.0
ARE,2012,71020.0
ARM,2012,28470.0
AUT,2012,82520.0
BDI,2012,25680.0
BEL,2012,30333.0
BEN,2012,112760.0
BFA,2012,273600.0
BGR,2012,108560.0
BHR,2012,770.0
BWA,2012,566730.0
CAF,2012,622980.0
CHE,2012,39512.028
CIV,2012,318000.0
CMR,2012,472710.0
COD,2012,2267050.0
COG,2012,341500.0
COM,2012,1861.0
CZE,2012,77230.0
DEU,2012,348540.0
DJI,2012,23180.0
DNK,2012,40000.0
DZA,2012,2381740.0
EGY,2012,995450.0
ERI,2012,121082.12
ESP,2012,500210.0
EST,2012,42390.0
ETH,2012,1128582.1
FIN,2012,303890.0
FRA,2012,538950.0
GAB,2012,257670.0
GBR,2012,241930.0
GHA,2012,227540.0
GIN,2012,245720.0
GMB,2012,10120.0
GNB,2012,28120.0
GNQ,2012,28050.0
GRC,2012,128900.0
HRV,2012,55964.0
HUN,2012,90530.0
IRL,2012,68890.0
IRN,2012,1628760.0
IRQ,2012,434320.0
ITA,2012,295718.0
JOR,2012,88780.0
KEN,2012,569140.0
KWT,2012,17820.0
LBN,2012,10230.0
LBR,2012,96320.0
LBY,2012,1759540.0
LSO,2012,30360.0
LTU,2012,62674.0
LVA,2012,62227.0
MAR,2012,446300.0
MDG,2012,581795.0
MLI,2012,1220190.0
MOZ,2012,786380.0
MRT,2012,1030700.0
MUS,2012,1997.0
MWI,2012,94280.0
NAM,2012,823290.0
NER,2012,1266700.0
NGA,2012,910770.0
NLD,2012,33720.0
NOR,2012,365244.0
OMN,2012,309500.0
POL,2012,306220.0
PRT,2012,91590.0
QAT,2012,11610.0
ROU,2012,230020.0
RWA,2012,24670.0
SAU,2012,2149690.0
SDN,2012,1868000.0
SEN,2012,192530.0
SLE,2012,72180.0
SOM,2012,627340.0
SSD,2012,631930.0
SWE,2012,407339.7
SWZ,2012,17200.0
SYR,2012,183630.0
TCD,2012,1259200.0
TGO,2012,54390.0
TUN,2012,155360.0
TUR,2012,769630.0
TZA,2012,885800.0
UGA,2012,200520.0
YEM,2012,527970.0
ZAF,2012,1213090.0
ZMB,2012,743390.0
ZWE,2012,386850.0
AGO,2013,1246700.0
ALB,2013,27400.0
ARE,2013,71020.0
ARM,2013,28470.0
AUT,2013,82520.0
BDI,2013,25680.0
BEL,2013,30333.0
BEN,2013,112760.0
BFA,2013,273600.0
BGR,2013,108560.0
BHR,2013,770.0
BWA,2013,566730.0
CAF,2013,622980.0
CHE,2013,39511.428
CIV,2013,318000.0
CMR,2013,472710.0
COD,2013,2267050.0
COG,2013,341500.0
COM,2013,1861.0
CZE,2013,77220.0
DEU,2013,348880.0
DJI,2013,23180.0
DNK,2013,40000.0
DZA,2013,2381740.0
EGY,2013,995450.0
ERI,2013,121049.278
ESP,2013,500210.0
EST,2013,43470.0
ETH,2013,1128572.1
FIN,2013,303890.0
FRA,2013,538950.0
GAB,2013,257670.0
GBR,2013,241930.0
GHA,2013,227540.0
GIN,2013,245720.0
GMB,2013,10120.0
GNB,2013,28120.0
GNQ,2013,28050.0
GRC,2013,128900.0
HRV,2013,55964.0
HUN,2013,90530.0
IRL,2013,68890.0
IRN,2013,1628760.0
IRQ,2013,434128.0
ITA,2013,295718.0
JOR,2013,88780.0
KEN,2013,569140.0
KWT,2013,17820.0
LBN,2013,10230.0
LBR,2013,96320.0
LBY,2013,1759540.0
LSO,2013,30360.0
LTU,2013,62675.0
LVA,2013,62227.0
MAR,2013,446300.0
MDG,2013,581800.0
MLI,2013,1220190.0
MOZ,2013,786380.0
MRT,2013,1030700.0
MUS,2013,1997.0
MWI,2013,94280.0
NAM,2013,823290.0
NER,2013,1266700.0
NGA,2013,910770.0
NLD,2013,33690.0
NOR,2013,365122.96
OMN,2013,309500.0
POL,2013,306210.0
PRT,2013,91605.2
QAT,2013,11610.0
ROU,2013,230030.0
RWA,2013,24670.0
SAU,2013,2149690.0
SDN,2013,1868000.0
SEN,2013,192530.0
SLE,2013,72180.0
SOM,2013,627340.0
SSD,2013,631930.0
SWE,2013,407339.7
SWZ,2013,17200.0
SYR,2013,183630.0
TCD,2013,1259200.0
TGO,2013,54390.0
TUN,2013,155360.0
TUR,2013,769630.0
TZA,2013,885800.0
UGA,2013,200520.0
YEM,2013,527970.0
ZAF,2013,1213090.0
ZMB,2013,743390.0
ZWE,2013,386850.0
AGO,2014,1246700.0
ALB,2014,27400.0
ARE,2014,71020.0
ARM,2014,28470.0
AUT,2014,82520.0
BDI,2014,25680.0
BEL,2014,30333.0
BEN,2014,112760.0
BFA,2014,273600.0
BGR,2014,108560.0
BHR,2014,771.0
BWA,2014,566730.0
CAF,2014,622980.0
CHE,2014,39510.829
CIV,2014,318000.0
CMR,2014,472710.0
COD,2014,2267050.0
COG,2014,341500.0
COM,2014,1861.0
CZE,2014,77220.0
DEU,2014,348900.0
DJI,2014,23180.0
DNK,2014,40000.0
DZA,2014,2381740.0
EGY,2014,995450.0
ERI,2014,121036.185
ESP,2014,500210.0
EST,2014,43470.0
ETH,2014,1128538.3
FIN,2014,303890.0
FRA,2014,538950.0
GAB,2014,257670.0
GBR,2014,241930.0
GHA,2014,227540.0
GIN,2014,245720.0
GMB,2014,10120.0
GNB,2014,28120.0
GNQ,2014,28050.0
GRC,2014,128900.0
HRV,2014,55964.0
HUN,2014,91260.0
IRL,2014,68890.0
IRN,2014,1628760.0
IRQ,2014,434128.0
ITA,2014,295718.0
JOR,2014,88780.0
KEN,2014,569140.0
KWT,2014,17820.0
LBN,2014,10230.0
LBR,2014,96320.0
LBY,2014,1759540.0
LSO,2014,30360.0
LTU,2014,62650.0
LVA,2014,62227.0
MAR,2014,446300.0
MDG,2014,581800.0
MLI,2014,1220190.0
MOZ,2014,786380.0
MRT,2014,1030700.0
MUS,2014,1997.0
MWI,2014,94280.0
NAM,2014,823290.0
NER,2014,1266700.0
NGA,2014,910770.0
NLD,2014,33690.0
NOR,2014,365108.0
OMN,2014,309500.0
POL,2014,306190.0
PRT,2014,91605.6
QAT,2014,11490.0
ROU,2014,230080.0
RWA,2014,24670.0
SAU,2014,2149690.0
SDN,2014,1868000.0
SEN,2014,192530.0
SLE,2014,72180.0
SOM,2014,627340.0
SSD,2014,631930.0
SWE,2014,407339.7
SWZ,2014,17200.0
SYR,2014,183630.0
TCD,2014,1259200.0
TGO,2014,54390.0
TUN,2014,155360.0
TUR,2014,769630.0
TZA,2014,885800.0
UGA,2014,200520.0
YEM,2014,527970.0
ZAF,2014,1213090.0
ZMB,2014,743390.0
ZWE,2014,386850.0
AGO,2015,1246700.0
ALB,2015,27400.0
ARE,2015,71020.0
ARM,2015,28470.0
AUT,2015,82520.0
BDI,2015,25680.0
BEL,2015,30333.0
BEN,2015,112760.0
BFA,2015,273600.0
BGR,2015,108560.0
BHR,2015,778.0
BWA,2015,566730.0
CAF,2015,622980.0
CHE,2015,39510.23
CIV,2015,318000.0
CMR,2015,472710.0
COD,2015,2267050.0
COG,2015,341500.0
COM,2015,1861.0
CZE,2015,77210.0
DEU,2015,348860.0
DJI,2015,23180.0
DNK,2015,40000.0
DZA,2015,2381741.0
EGY,2015,995450.0
ERI,2015,121088.775
ESP,2015,499661.0
EST,2015,43470.0
ETH,2015,1128539.4
FIN,2015,303910.0
FRA,2015,538950.0
GAB,2015,257670.0
GBR,2015,241930.0
GHA,2015,227540.0
GIN,2015,245720.0
GMB,2015,10120.0
GNB,2015,28120.0
GNQ,2015,28050.0
GRC,2015,128900.0
HRV,2015,55964.0
HUN,2015,91260.0
IRL,2015,68890.0
IRN,2015,1628760.0
IRQ,2015,434128.0
ITA,2015,295718.0
JOR,2015,88780.0
KEN,2015,571096.05
KWT,2015,17820.0
LBN,2015,10230.0
LBR,2015,96320.0
LBY,2015,1759540.0
LSO,2015,30360.0
LTU,2015,62650.0
LVA,2015,62227.0
MAR,2015,446300.0
MDG,2015,581800.0
MLI,2015,1220190.0
MOZ,2015,786380.0
MRT,2015,1030700.0
MUS,2015,1997.0
MWI,2015,94280.0
NAM,2015,823290.0
NER,2015,1266700.0
NGA,2015,910770.0
NLD,2015,33670.0
NOR,2015,365190.7
OMN,2015,309500.0
POL,2015,306190.0
PRT,2015,91605.6
QAT,2015,11490.0
ROU,2015,230080.0
RWA,2015,24670.0
SAU,2015,2149690.0
SDN,2015,1868000.0
SEN,2015,192530.0
SLE,2015,72180.0
SOM,2015,627340.0
SSD,2015,631930.0
SWE,2015,407310.64
SWZ,2015,17200.0
SYR,2015,183630.0
TCD,2015,1259200.0
TGO,2015,54390.0
TUN,2015,155360.0
TUR,2015,769630.0
TZA,2015,885800.0
UGA,2015,200520.0
YEM,2015,527970.0
ZAF,2015,1213090.0
ZMB,2015,743390.0
ZWE,2015,386850.0
AGO,2016,1246700.0
ALB,2016,27400.0
ARE,2016,71020.0
ARM,2016,28470.0
AUT,2016,82520.0
BDI,2016,25680.0
BEL,2016,30333.0
BEN,2016,112760.0
BFA,2016,273600.0
BGR,2016,108560.0
BHR,2016,779.0
BWA,2016,566730.0
CAF,2016,622980.0
CHE,2016,39509.63
CIV,2016,318000.0
CMR,2016,472710.0
COD,2016,2267050.0
COG,2016,341500.0
COM,2016,1861.0
CZE,2016,77210.0
DEU,2016,349360.0
DJI,2016,23180.0
DNK,2016,40000.0
DZA,2016,2381741.0
EGY,2016,995450.0
ERI,2016,121077.459
ESP,2016,499564.0
EST,2016,43470.0
ETH,2016,1128558.5
FIN,2016,303910.0
FRA,2016,538950.0
GAB,2016,257670.0
GBR,2016,241930.0
GHA,2016,227540.0
GIN,2016,245720.0
GMB,2016,10120.0
GNB,2016,28120.0
GNQ,2016,28050.0
GRC,2016,128900.0
HRV,2016,55964.0
HUN,2016,91260.0
IRL,2016,68890.0
IRN,2016,1628760.0
IRQ,2016,434128.0
ITA,2016,295718.0
JOR,2016,88780.0
KEN,2016,573052.1
KWT,2016,17820.0
LBN,2016,10230.0
LBR,2016,96320.0
LBY,2016,1759540.0
LSO,2016,30360.0
LTU,2016,62642.0
LVA,2016,62227.0
MAR,2016,446300.0
MDG,2016,581800.0
MLI,2016,1220190.0
MOZ,2016,786380.0
MRT,2016,1030700.0
MUS,2016,1997.0
MWI,2016,94280.0
NAM,2016,823290.0
NER,2016,1266700.0
NGA,2016,910770.0
NLD,2016,33670.0
NOR,2016,365145.73
OMN,2016,309500.0
POL,2016,306190.0
PRT,2016,91605.6
QAT,2016,11490.0
ROU,2016,230080.0
RWA,2016,24670.0
SAU,2016,2149690.0
SDN,2016,1868000.0
SEN,2016,192530.0
SLE,2016,72180.0
SOM,2016,627340.0
SSD,2016,631930.0
SWE,2016,407310.64
SWZ,2016,17200.0
SYR,2016,183630.0
TCD,2016,1259200.0
TGO,2016,54390.0
TUN,2016,155360.0
TUR,2016,769630.0
TZA,2016,885800.0
UGA,2016,200520.0
YEM,2016,527970.0
ZAF,2016,1213090.0
ZMB,2016,743390.0
ZWE,2016,386850.0
AGO,2017,1246700.0
ALB,2017,27400.0
ARE,2017,71020.0
ARM,2017,28470.0
AUT,2017,82520.0
BDI,2017,25680.0
BEL,2017,30333.0
BEN,2017,112760.0
BFA,2017,273600.0
BGR,2017,108560.0
BHR,2017,780.0
BWA,2017,566730.0
CAF,2017,622980.0
CHE,2017,39509.63
CIV,2017,318000.0
CMR,2017,472710.0
COD,2017,2267050.0
COG,2017,341500.0
COM,2017,1861.0
CZE,2017,77210.0
DEU,2017,349370.0
DJI,2017,23180.0
DNK,2017,40000.0
DZA,2017,2381741.0
EGY,2017,995450.0
ERI,2017,121071.23300000001
ESP,2017,499547.35
EST,2017,42750.0
ETH,2017,1128552.8
FIN,2017,303920.0
FRA,2017,538950.0
GAB,2017,257670.0
GBR,2017,241930.0
GHA,2017,227540.0
GIN,2017,245720.0
GMB,2017,10120.0
GNB,2017,28120.0
GNQ,2017,28050.0
GRC,2017,128900.0
HRV,2017,55964.0
HUN,2017,91260.0
IRL,2017,68890.0
IRN,2017,1622500.0
IRQ,2017,434128.0
ITA,2017,295718.0
JOR,2017,88780.0
KEN,2017,575008.15
KWT,2017,17820.0
LBN,2017,10230.0
LBR,2017,96320.0
LBY,2017,1759540.0
LSO,2017,30360.0
LTU,2017,62641.0
LVA,2017,62227.0
MAR,2017,446300.0
MDG,2017,581800.0
MLI,2017,1220190.0
MOZ,2017,786380.0
MRT,2017,1030700.0
MUS,2017,1997.0
MWI,2017,94280.0
NAM,2017,823290.0
NER,2017,1266700.0
NGA,2017,910770.0
NLD,2017,33670.0
NOR,2017,365123.0
OMN,2017,309500.0
POL,2017,306190.0
PRT,2017,91605.6
QAT,2017,11490.0
ROU,2017,230080.0
RWA,2017,24670.0
SAU,2017,2149690.0
SDN,2017,1868000.0
SEN,2017,192530.0
SLE,2017,72180.0
SOM,2017,627340.0
SSD,2017,631930.0
SWE,2017,407310.64
SWZ,2017,17200.0
SYR,2017,183630.0
TCD,2017,1259200.0
TGO,2017,54390.0
TUN,2017,155360.0
TUR,2017,769630.0
TZA,2017,885800.0
UGA,2017,200520.0
YEM,2017,527970.0
ZAF,2017,1213090.0
ZMB,2017,743390.0
ZWE,2017,386850.0
AGO,2018,1246700.0
ALB,2018,27400.0
ARE,2018,71020.0
ARM,2018,28470.0
AUT,2018,82520.0
BDI,2018,25680.0
BEL,2018,30493.0
BEN,2018,112760.0
BFA,2018,273600.0
BGR,2018,108560.0
BHR,2018,778.0
BWA,2018,566730.0
CAF,2018,622980.0
CHE,2018,39509.63
CIV,2018,318000.0
CMR,2018,472710.0
COD,2018,2267050.0
COG,2018,341500.0
COM,2018,1861.0
CZE,2018,77210.0
DEU,2018,349380.0
DJI,2018,23180.0
DNK,2018,40000.0
DZA,2018,2381741.0
EGY,2018,995450.0
ERI,2018,121077.714
ESP,2018,499603.479
EST,2018,42750.0
ETH,2018,1128561.4
FIN,2018,303920.0
FRA,2018,538950.0
GAB,2018,257670.0
GBR,2018,241930.0
GHA,2018,227540.0
GIN,2018,245720.0
GMB,2018,10120.0
GNB,2018,28120.0
GNQ,2018,28050.0
GRC,2018,128900.0
HRV,2018,55964.0
HUN,2018,91260.0
IRL,2018,68890.0
IRN,2018,1622500.0
IRQ,2018,434128.0
ITA,2018,295718.0
JOR,2018,88780.0
KEN,2018,576964.2
KWT,2018,17820.0
LBN,2018,10230.0
LBR,2018,96320.0
LBY,2018,1759540.0
LSO,2018,30360.0
LTU,2018,62630.0
LVA,2018,62227.0
MAR,2018,446300.0
MDG,2018,581800.0
MLI,2018,1220190.0
MOZ,2018,786380.0
MRT,2018,1030700.0
MUS,2018,1997.0
MWI,2018,94280.0
NAM,2018,823290.0
NER,2018,1266700.0
NGA,2018,910770.0
NLD,2018,33670.0
NOR,2018,365108.0
OMN,2018,309500.0
POL,2018,306170.0
PRT,2018,91605.6
QAT,2018,11490.0
ROU,2018,230080.0
RWA,2018,24670.0
SAU,2018,2149690.0
SDN,2018,1868000.0
SEN,2018,192530.0
SLE,2018,72180.0
SOM,2018,627340.0
SSD,2018,631930.0
SWE,2018,407310.64
SWZ,2018,17200.0
SYR,2018,183630.0
TCD,2018,1259200.0
TGO,2018,54390.0
TUN,2018,155360.0
TUR,2018,769630.0
TZA,2018,885800.0
UGA,2018,200520.0
YEM,2018,527970.0
ZAF,2018,1213090.0
ZMB,2018,743390.0
ZWE,2018,386850.0
AGO,2019,1246700.0
ALB,2019,27400.0
ARE,2019,71020.0
ARM,2019,28470.0
AUT,2019,82520.0
BDI,2019,25680.0
BEL,2019,30494.0
BEN,2019,112760.0
BFA,2019,273600.0
BGR,2019,108560.0
BHR,2019,780.0
BWA,2019,566730.0
CAF,2019,622980.0
CHE,2019,39509.63
CIV,2019,318000.0
CMR,2019,472710.0
COD,2019,2267050.0
COG,2019,341500.0
COM,2019,1861.0
CZE,2019,77205.5
DEU,2019,349390.0
DJI,2019,23180.0
DNK,2019,40000.0
DZA,2019,2381740.0
EGY,2019,995450.0
ERI,2019,121080.546
ESP,2019,499570.036
EST,2019,42750.0
ETH,2019,1128570.9
FIN,2019,303930.0
FRA,2019,538950.0
GAB,2019,257670.0
GBR,2019,241930.0
GHA,2019,227533.0
GIN,2019,245720.0
GMB,2019,10120.0
GNB,2019,28120.0
GNQ,2019,28050.0
GRC,2019,128900.0
HRV,2019,55964.0
HUN,2019,91260.0
IRL,2019,68890.0
IRN,2019,1622500.0
IRQ,2019,434130.0
ITA,2019,295717.0
JOR,2019,88794.0
KEN,2019,578920.25
KWT,2019,17820.0
LBN,2019,10230.0
LBR,2019,96320.0
LBY,2019,1759540.0
LSO,2019,30360.0
LTU,2019,62620.0
LVA,2019,62227.0
MAR,2019,446300.0
MDG,2019,581800.0
MLI,2019,1220190.0
MOZ,2019,786380.0
MRT,2019,1030700.0
MUS,2019,1997.0
MWI,2019,94280.0
NAM,2019,823290.0
NER,2019,1266700.0
NGA,2019,910770.0
NLD,2019,33670.0
NOR,2019,365094.0
OMN,2019,309500.0
POL,2019,306110.0
PRT,2019,91605.6
QAT,2019,11490.0
ROU,2019,230080.0
RWA,2019,24670.0
SAU,2019,2149690.0
SDN,2019,1868000.0
SEN,2019,192530.0
SLE,2019,72180.0
SOM,2019,627340.0
SSD,2019,631930.0
SWE,2019,407280.0
SWZ,2019,17200.0
SYR,2019,183630.0
TCD,2019,1259200.0
TGO,2019,54390.0
TUN,2019,155360.0
TUR,2019,769630.0
TZA,2019,885800.0
UGA,2019,200520.0
YEM,2019,527970.0
ZAF,2019,1213090.0
ZMB,2019,743390.0
ZWE,2019,386850.0
AGO,2020,1246700.0
ALB,2020,27400.0
ARE,2020,71020.0
ARM,2020,28197.41
AUT,2020,82520.0
BDI,2020,25680.0
BEL,2020,30494.0
BEN,2020,112760.0
BFA,2020,273600.0
BGR,2020,108560.0
BHR,2020,785.0
BWA,2020,566730.0
CAF,2020,622980.0
CHE,2020,39509.63
CIV,2020,318000.0
CMR,2020,472710.0
COD,2020,2267050.0
COG,2020,341500.0
COM,2020,1861.0
CZE,2020,77198.53
DEU,2020,349390.0
DJI,2020,23180.0
DNK,2020,40000.0
DZA,2020,2381740.0
EGY,2020,995450.0
ERI,2020,121040.829
ESP,2020,499556.645
EST,2020,42750.0
ETH,2020,1128571.4
FIN,2020,303940.0
FRA,2020,538950.0
GAB,2020,257670.0
GBR,2020,241930.0
GHA,2020,227530.0
GIN,2020,245720.0
GMB,2020,10120.0
GNB,2020,28120.0
GNQ,2020,28050.0
GRC,2020,128900.0
HRV,2020,55960.0
HUN,2020,91260.0
IRL,2020,68890.0
IRN,2020,1622500.0
IRQ,2020,434130.0
ITA,2020,295717.0
JOR,2020,88794.0
KEN,2020,580876.3
KWT,2020,17820.0
LBN,2020,10230.0
LBR,2020,96320.0
LBY,2020,1759540.0
LSO,2020,30360.0
LTU,2020,62620.0
LVA,2020,62230.0
MAR,2020,446300.0
MDG,2020,581800.0
MLI,2020,1220190.0
MOZ,2020,786380.0
MRT,2020,1030700.0
MUS,2020,1997.0
MWI,2020,94280.0
NAM,2020,823290.0
NER,2020,1266700.0
NGA,2020,910770.0
NLD,2020,33670.0
NOR,2020,364285.0
OMN,2020,309500.0
POL,2020,306130.0
PRT,2020,91605.6
QAT,2020,11490.0
ROU,2020,230080.0
RWA,2020,24670.0
SAU,2020,2149690.0
SDN,2020,1868000.0
SEN,2020,192530.0
SLE,2020,72180.0
SOM,2020,627340.0
SSD,2020,631930.0
SWE,2020,407280.0
SWZ,2020,17200.0
SYR,2020,183630.0
TCD,2020,1259200.0
TGO,2020,54390.0
TUN,2020,155360.0
TUR,2020,769630.0
TZA,2020,885800.0
UGA,2020,200520.0
YEM,2020,527970.0
ZAF,2020,1213090.0
ZMB,2020,743390.0
ZWE,2020,386850.0
AGO,2021,1246700.0
ALB,2021,27400.0
ARE,2021,71020.0
ARM,2021,28197.09
AUT,2021,82520.0
BDI,2021,25680.0
BEL,2021,30494.0
BEN,2021,112760.0
BFA,2021,273600.0
BGR,2021,108560.0
BHR,2021,790.0
BWA,2021,566730.0
CAF,2021,622980.0
CHE,2021,39509.63
CIV,2021,318000.0
CMR,2021,472710.0
COD,2021,2267050.0
COG,2021,341500.0
COM,2021,1861.0
CZE,2021,77186.83
DEU,2021,349390.0
DJI,2021,23180.0
DNK,2021,40000.0
DZA,2021,2381740.0
EGY,2021,995450.0
ERI,2021,121178.2
ESP,2021,499733.244
EST,2021,42750.0
ETH,2021,1128505.6
FIN,2021,303947.7
FRA,2021,538950.0
GAB,2021,257670.0
GBR,2021,241930.0
GHA,2021,227533.0
GIN,2021,245720.0
GMB,2021,10120.0
GNB,2021,28120.0
GNQ,2021,28050.0
GRC,2021,128900.0
HRV,2021,55960.0
HUN,2021,91260.0
IRL,2021,68890.0
IRN,2021,1622500.0
IRQ,2021,434130.0
ITA,2021,295717.0
JOR,2021,88794.0
KEN,2021,580876.3
KWT,2021,17820.0
LBN,2021,10230.0
LBR,2021,96320.0
LBY,2021,1759540.0
LSO,2021,30360.0
LTU,2021,62610.0
LVA,2021,62230.0
MAR,2021,446300.0
MDG,2021,581800.0
MLI,2021,1220190.0
MOZ,2021,786380.0
MRT,2021,1030700.0
MUS,2021,1997.0
MWI,2021,94280.0
NAM,2021,823290.0
NER,2021,1266700.0
NGA,2021,910770.0
NLD,2021,33670.0
NOR,2021,364270.0
OMN,2021,309500.0
POL,2021,306100.0
PRT,2021,91605.6
QAT,2021,11490.0
ROU,2021,230080.0
RWA,2021,24670.0
SAU,2021,2149690.0
SDN,2021,1868000.0
SEN,2021,192530.0
SLE,2021,72180.0
SOM,2021,627340.0
SSD,2021,631930.0
SWE,2021,407280.0
SWZ,2021,17200.0
SYR,2021,183630.0
TCD,2021,1259200.0
TGO,2021,54390.0
TUN,2021,155360.0
TUR,2021,769630.0
TZA,2021,885800.0
UGA,2021,200520.0
YEM,2021,527970.0
ZAF,2021,1213090.0
ZMB,2021,743390.0
ZWE,2021,386850.0
AGO,2022,1246700.0
ALB,2022,27400.0
ARE,2022,71020.0
ARM,2022,28198.32
AUT,2022,82520.0
BDI,2022,25680.0
BEL,2022,30494.0
BEN,2022,112760.0
BFA,2022,273600.0
BGR,2022,108560.0
BHR,2022,790.0
BWA,2022,566730.0
CAF,2022,622980.0
CHE,2022,39509.63
CIV,2022,318000.0
CMR,2022,472710.0
COD,2022,2267050.0
COG,2022,341500.0
COM,2022,1861.0
CZE,2022,77171.73
DEU,2022,349360.0
DJI,2022,23180.0
DNK,2022,40000.0
DZA,2022,2381740.0
EGY,2022,995450.0
ERI,2022,121178.2
ESP,2022,499713.68100000004
EST,2022,42730.0
ETH,2022,1128498.8
FIN,2022,303947.7
FRA,2022,538950.0
GAB,2022,257670.0
GBR,2022,241930.0
GHA,2022,227533.0
GIN,2022,245720.0
GMB,2022,10120.0
GNB,2022,28120.0
GNQ,2022,28050.0
GRC,2022,128900.0
HRV,2022,55960.0
HUN,2022,91260.0
IRL,2022,68890.0
IRN,2022,1622500.0
IRQ,2022,434130.0
ITA,2022,295720.0
JOR,2022,88794.0
KEN,2022,580876.3
KWT,2022,17820.0
LBN,2022,10230.0
LBR,2022,96320.0
LBY,2022,1759540.0
LSO,2022,30360.0
LTU,2022,62604.0
LVA,2022,62230.0
MAR,2022,446300.0
MDG,2022,581800.0
MLI,2022,1220190.0
MOZ,2022,786380.0
MRT,2022,1030700.0
MUS,2022,1997.0
MWI,2022,94280.0
NAM,2022,823290.0
NER,2022,1266700.0
NGA,2022,910770.0
NLD,2022,33670.0
NOR,2022,364270.0
OMN,2022,309500.0
POL,2022,306090.0
PRT,2022,91605.6
QAT,2022,11490.0
ROU,2022,230080.0
RWA,2022,24670.0
SAU,2022,2149690.0
SDN,2022,1868000.0
SEN,2022,192530.0
SLE,2022,72180.0
SOM,2022,627340.0
SSD,2022,631930.0
SWE,2022,407280.0
SWZ,2022,17200.0
SYR,2022,183630.0
TCD,2022,1259200.0
TGO,2022,54390.0
TUN,2022,155360.0
TUR,2022,769630.0
TZA,2022,885800.0
UGA,2022,200520.0
YEM,2022,527970.0
ZAF,2022,1213090.0
ZMB,2022,743390.0
ZWE,2022,386850.0
AGO,2023,1246700.0
ALB,2023,27400.0
ARE,2023,71020.0
ARM,2023,28199.44
AUT,2023,82520.0
BDI,2023,25680.0
BEL,2023,30494.0
BEN,2023,112760.0
BFA,2023,273600.0
BGR,2023,108560.0
BHR,2023,800.0
BWA,2023,566730.0
CAF,2023,622980.0
CHE,2023,39509.63
CIV,2023,318000.0
CMR,2023,472710.0
COD,2023,2267050.0
COG,2023,341500.0
COM,2023,1861.0
CZE,2023,77167.31
DEU,2023,349430.0
DJI,2023,23180.0
DNK,2023,40000.0
DZA,2023,2381740.0
EGY,2023,995450.0
ERI,2023,121178.2
ESP,2023,499697.4
EST,2023,42730.0
ETH,2023,1128498.8
FIN,2023,303960.0
FRA,2023,538950.0
GAB,2023,257670.0
GBR,2023,241930.0
GHA,2023,227533.0
GIN,2023,245720.0
GMB,2023,10120.0
GNB,2023,28120.0
GNQ,2023,28050.0
GRC,2023,128900.0
HRV,2023,55960.0
HUN,2023,91260.0
IRL,2023,68890.0
IRN,2023,1622500.0
IRQ,2023,434130.0
ITA,2023,295720.0
JOR,2023,88794.0
KEN,2023,580876.3
KWT,2023,17820.0
LBN,2023,10230.0
LBR,2023,96320.0
LBY,2023,1759540.0
LSO,2023,30360.0
LTU,2023,62600.0
LVA,2023,62230.0
MAR,2023,446300.0
MDG,2023,581800.0
MLI,2023,1220190.0
MOZ,2023,786380.0
MRT,2023,1030700.0
MUS,2023,1997.0
MWI,2023,94280.0
NAM,2023,823290.0
NER,2023,1266700.0
NGA,2023,910770.0
NLD,2023,33670.0
NOR,2023,364270.0
OMN,2023,309500.0
POL,2023,306270.0
PRT,2023,91605.6
QAT,2023,11490.0
ROU,2023,230080.0
RWA,2023,24670.0
SAU,2023,2149690.0
SDN,2023,1868000.0
SEN,2023,192530.0
SLE,2023,72180.0
SOM,2023,627340.0
SSD,2023,631930.0
SWE,2023,407270.0
SWZ,2023,17200.0
SYR,2023,183630.0
TCD,2023,1259200.0
TGO,2023,54390.0
TUN,2023,155360.0
TUR,2023,769630.0
TZA,2023,885800.0
UGA,2023,200520.0
YEM,2023,527970.0
ZAF,2023,1213090.0
ZMB,2023,743390.0
ZWE,2023,386850.0
