country,year,gdp_pcap (US dollars),mean_light,population,land_area,urban_pop_rate
AGO,2012,5086.027400863757,0.0149326445534825,25177394.0,1246700.0,61.268
AGO,2013,5057.747878331633,0.0198467094451189,26165620.0,1246700.0,62.002
AGO,2014,5005.999741270698,0.0229651629924774,27160769.0,1246700.0,62.731
AGO,2015,3213.902610800591,0.0206329803913831,28157798.0,1246700.0,63.446
AGO,2016,1807.952940726431,0.0255873743444681,29183070.0,1246700.0,64.149
AGO,2017,2437.259711908214,0.0253649391233921,30234839.0,1246700.0,64.839
AGO,2018,2538.5913914337057,0.0273291002959013,31297155.0,1246700.0,65.514
AGO,2019,2189.855714076184,0.0289928317070007,32375632.0,1246700.0,66.177
AGO,2020,1449.9228666930803,0.0264164600521326,33451132.0,1246700.0,66.825
AGO,2021,1925.8746608216743,0.0267985574901103,34532429.0,1246700.0,67.46
ALB,2012,4222.347098891304,0.1782691031694412,2900401.0,27400.0,54.33
ALB,2013,4420.234619883529,0.2100795954465866,2895092.0,27400.0,55.387
ALB,2014,4602.230514432285,0.2996155023574829,2889104.0,27400.0,56.423
ALB,2015,3981.726622618674,0.2691909372806549,2880703.0,27400.0,57.434
ALB,2016,4168.37544462548,0.2438311129808426,2876101.0,27400.0,58.421
ALB,2017,4614.047969259604,0.2959004938602447,2873457.0,27400.0,59.383
ALB,2018,5365.48880180298,0.299746423959732,2866376.0,27400.0,60.319
ALB,2019,5460.430508693201,0.3376352488994598,2854191.0,27400.0,61.229
ALB,2020,5370.77749956875,0.3598169684410095,2837849.0,27400.0,62.112
ALB,2021,6413.28280828537,0.4087173342704773,2811666.0,27400.0,62.969
ARE,2012,52034.47624760706,1.3472487926483154,7391448.0,71020.0,84.749
ARE,2013,52023.51709594411,1.4967999458312988,7693031.0,71020.0,85.066
ARE,2014,51381.40699017464,1.5627954006195068,8059440.0,71020.0,85.375
ARE,2015,43534.997269463136,1.5762861967086792,8505237.0,71020.0,85.674
ARE,2016,41326.40181615689,1.5427985191345217,8935095.0,71020.0,85.965
ARE,2017,42340.59171601607,1.5484662055969238,9223225.0,71020.0,86.248
ARE,2018,45689.857004940095,1.6239322423934937,9346701.0,71020.0,86.522
ARE,2019,44251.45413988167,1.689005970954895,9445785.0,71020.0,86.789
ARE,2020,37173.875409306565,1.7012169361114502,9401038.0,71020.0,87.048
ARE,2021,43360.02110013267,1.793656826019287,9575152.0,71020.0,87.299
ARM,2012,3511.563996874258,0.0566371269524097,3024100.0,28470.0,63.24
ARM,2013,3680.1669215888583,0.0729027837514877,3022000.0,28470.0,63.164
ARM,2014,3852.118006103845,0.0746805071830749,3013800.0,28470.0,63.112
ARM,2015,3512.3935027670905,0.0690421909093856,3004600.0,28470.0,63.085
ARM,2016,3524.4247687470715,0.0787121281027793,2992300.0,28470.0,63.082
ARM,2017,3869.0537386775177,0.0936775729060173,2979400.0,28470.0,63.103
ARM,2018,4196.005623017693,0.0822100341320037,2969000.0,28470.0,63.149
ARM,2019,4597.228873995479,0.1095413342118263,2962500.0,28470.0,63.219
ARM,2020,4268.6809330458345,0.1117114946246147,2961500.0,28197.41,63.313
ARM,2021,4685.179971285085,0.1290325969457626,2962300.0,28197.09,63.431
AUT,2012,48250.40591426372,0.2033098936080932,8429991.0,82520.0,57.147
AUT,2013,50305.35457749725,0.1809581518173217,8479823.0,82520.0,57.336
AUT,2014,51314.97226163223,0.30563884973526,8546356.0,82520.0,57.526
AUT,2015,43915.22802085699,0.2919971346855163,8642699.0,82520.0,57.715
AUT,2016,45061.49939201917,0.3013992309570312,8736668.0,82520.0,57.905
AUT,2017,47163.7425775142,0.3530203998088836,8797566.0,82520.0,58.094
AUT,2018,51194.07498412994,0.3576109111309051,8840521.0,82520.0,58.297
AUT,2019,49885.99473552041,0.3605622351169586,8879920.0,82520.0,58.515
AUT,2020,48716.4098900349,0.3448645174503326,8916864.0,82520.0,58.748
AUT,2021,53648.719074224544,0.3856466114521026,8955797.0,82520.0,58.995
BDI,2012,231.68849639356924,0.0091280834749341,10071028.0,25680.0,11.194
BDI,2013,234.8430453888283,0.0139089599251747,10439341.0,25680.0,11.482
BDI,2014,250.5404811118771,0.0100333327427506,10799785.0,25680.0,11.776
BDI,2015,280.9668313119229,0.0090737342834472,11047580.0,25680.0,12.078
BDI,2016,235.28620539390823,0.0085798529908061,11239451.0,25680.0,12.388
BDI,2017,236.6944725927535,0.007782282307744,11506762.0,25680.0,12.706
BDI,2018,224.89939239264044,0.0151499696075916,11859446.0,25680.0,13.032
BDI,2019,210.23649452153177,0.0153312096372246,12255336.0,25680.0,13.366
BDI,2020,210.0081399025084,0.0165145993232727,12617036.0,25680.0,13.708
BDI,2021,214.09145541613333,0.0251494422554969,12965481.0,25680.0,14.058
BEL,2012,44874.17091821225,1.5664210319519043,11106932.0,30333.0,97.744
BEL,2013,46964.59467770559,1.6017217636108398,11159407.0,30333.0,97.789
BEL,2014,47995.77869613394,2.3664584159851074,11209057.0,30333.0,97.833
BEL,2015,40893.804537772005,2.395668268203736,11274196.0,30333.0,97.876
BEL,2016,41854.5498296444,2.3426010608673096,11331422.0,30333.0,97.919
BEL,2017,44035.3239358548,2.395711898803711,11375158.0,30333.0,97.961
BEL,2018,47487.21003925607,2.468512535095215,11427054.0,30493.0,98.001
BEL,2019,46716.62274679644,2.4436821937561035,11488980.0,30494.0,98.041
BEL,2020,45906.287580524586,2.41229510307312,11538604.0,30494.0,98.079
BEL,2021,51658.23829495799,2.3072328567504883,11586195.0,30494.0,98.117
BEN,2012,1071.5258366282956,0.012812309898436,10397657.0,112760.0,44.125
BEN,2013,1168.926992792259,0.0140496520325541,10708834.0,112760.0,44.642
BEN,2014,1204.39918670094,0.0140334265306591,11030004.0,112760.0,45.166
BEN,2015,1002.4188687961384,0.0149773806333541,11360681.0,112760.0,45.695
BEN,2016,1010.533896199298,0.0155337750911712,11697842.0,112760.0,46.229
BEN,2017,1054.9740806681434,0.0199449080973863,12039780.0,112760.0,46.768
BEN,2018,1151.7409703472013,0.0232213363051414,12383347.0,112760.0,47.312
BEN,2019,1130.8213533979497,0.0227641854435205,12726755.0,112760.0,47.861
BEN,2020,1200.1942663112247,0.0272525381296873,13070169.0,112760.0,48.415
BEN,2021,1318.6515810748658,0.0340698733925819,13413417.0,112760.0,48.972
BFA,2012,731.470138867833,0.0092365778982639,17172287.0,273600.0,25.767
BFA,2013,759.7620651684981,0.0106490328907966,17695409.0,273600.0,26.346
BFA,2014,764.8616751062254,0.0106495954096317,18229461.0,273600.0,26.934
BFA,2015,630.124750752312,0.0108734108507633,18777487.0,273600.0,27.53
BFA,2016,663.7423648428855,0.0116231674328446,19334856.0,273600.0,28.134
BFA,2017,709.0915358946953,0.0134759601205587,19894407.0,273600.0,28.743
BFA,2018,777.465618514048,0.0139281954616308,20438288.0,273600.0,29.358
BFA,2019,764.8530777749462,0.0150552587583661,20961952.0,273600.0,29.98
BFA,2020,825.2370387824751,0.0160496085882186,21478690.0,273600.0,30.607
BFA,2021,895.5352884429909,0.0192441865801811,21995243.0,273600.0,31.24
BGR,2012,7431.957895088705,0.1782632321119308,7305888.0,108560.0,72.975
BGR,2013,7795.980921089284,0.2034228146076202,7160005.0,108560.0,73.313
BGR,2014,8069.600056676842,0.2820710241794586,7073572.0,108560.0,73.651
BGR,2015,7268.654454738727,0.2657233774662018,6984225.0,108560.0,73.99
BGR,2016,7822.499232929683,0.2709596157073974,6894139.0,108560.0,74.329
BGR,2017,8696.689304279236,0.3423306047916412,6803468.0,108560.0,74.669
BGR,2018,9872.385077891058,0.3157349526882171,6710798.0,108560.0,75.008
BGR,2019,10372.804434111376,0.3221829831600189,6616726.0,108560.0,75.347
BGR,2020,10769.947569941432,0.3289625346660614,6550696.0,108560.0,75.686
BGR,2021,12972.217335600228,0.3585912883281708,6507301.0,108560.0,76.025
BHR,2012,26438.67332304283,8.775185585021973,1208964.0,770.0,88.762
BHR,2013,26989.760114846904,9.978230476379396,1253191.0,770.0,88.835
BHR,2014,26451.79656474528,9.83421516418457,1314562.0,771.0,88.915
BHR,2015,23734.05511430191,10.1792631149292,1370322.0,778.0,88.999
BHR,2016,23800.00144063101,10.782052040100098,1423726.0,779.0,89.09
BHR,2017,24784.76935146067,10.813326835632324,1501116.0,780.0,89.186
BHR,2018,26324.40665495586,11.165504455566406,1503091.0,778.0,89.287
BHR,2019,27259.743859932696,12.316690444946287,1483756.0,780.0,89.394
BHR,2020,24342.8444554718,13.3097562789917,1472204.0,785.0,89.506
BHR,2021,27147.80838822855,12.155365943908691,1504365.0,790.0,89.622
BWA,2012,6595.538450154237,0.009037796407938,2108617.0,566730.0,64.768
BWA,2013,6666.912195834866,0.0099194962531328,2140682.0,566730.0,65.572
BWA,2014,7122.364234215034,0.0088427755981683,2172044.0,566730.0,66.368
BWA,2015,6141.203947266163,0.0096797319129109,2203273.0,566730.0,67.155
BWA,2016,6749.05994339013,0.0103256450966,2234776.0,566730.0,67.933
BWA,2017,7104.964010880272,0.0115451710298657,2266747.0,566730.0,68.7
BWA,2018,7407.95940141786,0.0121897654607892,2299141.0,566730.0,69.446
BWA,2019,7172.089564800282,0.0136436372995376,2332083.0,566730.0,70.172
BWA,2020,6323.297498069455,0.0139738889411091,2365894.0,566730.0,70.877
BWA,2021,7807.887945001251,0.014653162099421,2401441.0,566730.0,71.56
CAF,2012,544.3958491427853,0.0001772211398929,4610848.0,622980.0,39.388
CAF,2013,364.3669626083801,0.0001468888367526,4642419.0,622980.0,39.663
CAF,2014,409.8504859646996,0.0001555738417664,4623182.0,622980.0,39.959
CAF,2015,366.3228539381206,0.000197350673261,4629320.0,622980.0,40.277
CAF,2016,387.17620344431776,0.0001942485541803,4713663.0,622980.0,40.618
CAF,2017,432.3240256842626,0.0002661761827766,4793511.0,622980.0,40.98
CAF,2018,455.243962859534,0.0002888186427298,4878657.0,622980.0,41.364
CAF,2019,449.2284676024388,0.0002723124343901,4944703.0,622980.0,41.77
CAF,2020,462.87907129401145,0.0002466488222125,5026628.0,622980.0,42.198
CAF,2021,492.2631428305074,0.0003429921343922,5112100.0,622980.0,42.648
CHE,2012,85836.2076767359,0.5154479146003723,7996861.0,39512.028,73.653
CHE,2013,87304.33058135571,0.3468759059906006,8089346.0,39511.428,73.674
CHE,2014,88724.99107356092,0.5880423784255981,8188649.0,39510.829,73.696
CHE,2015,83806.44760038373,0.5980926156044006,8282396.0,39510.23,73.718
CHE,2016,82153.07454478886,0.5709201693534851,8373338.0,39509.63,73.739
CHE,2017,82254.37704713356,0.6478318572044373,8451840.0,39509.63,73.761
CHE,2018,85217.36915122741,0.5923686623573303,8514329.0,39509.63,73.797
CHE,2019,84121.93103044144,0.6026999354362488,8575280.0,39509.63,73.849
CHE,2020,85897.7843338323,0.5737296938896179,8638167.0,39509.63,73.915
CHE,2021,93664.77366961108,0.5819597244262695,8704546.0,39509.63,73.996
CIV,2012,1546.9460184731029,0.0338231660425663,23467078.0,318000.0,48.172
CIV,2013,1786.1586203132365,0.0452291034162044,23939775.0,318000.0,48.593
CIV,2014,1991.3653942340416,0.0480188950896263,24527395.0,318000.0,49.014
CIV,2015,1814.7185508801676,0.0564043708145618,25246342.0,318000.0,49.444
CIV,2016,1862.595970812868,0.0620864555239677,25989405.0,318000.0,49.881
CIV,2017,1964.299303383425,0.076579712331295,26733372.0,318000.0,50.326
CIV,2018,2130.8661938114374,0.0801026299595832,27464173.0,318000.0,50.779
CIV,2019,2141.7683617011467,0.0806167274713516,28193009.0,318000.0,51.239
CIV,2020,2179.7293483293465,0.1019750088453292,28915449.0,318000.0,51.706
CIV,2021,2455.9812762648835,0.1303302645683288,29639736.0,318000.0,52.18
CMR,2012,1449.0987436227924,0.004230186343193,20809529.0,472710.0,52.769
CMR,2013,1575.9288211889684,0.0055830706842243,21402376.0,472710.0,53.373
CMR,2014,1649.443390594896,0.0053135845810174,22059893.0,472710.0,53.976
CMR,2015,1415.0000971056854,0.0070021748542785,22763414.0,472710.0,54.578
CMR,2016,1441.7201725688024,0.0071601220406591,23454161.0,472710.0,55.179
CMR,2017,1496.089517712422,0.0081610465422272,24128601.0,472710.0,55.777
CMR,2018,1610.6964159101708,0.0092996349558234,24806383.0,472710.0,56.374
CMR,2019,1555.2266047647745,0.009289969690144,25506095.0,472710.0,56.968
CMR,2020,1555.6037066074864,0.007863325998187,26210558.0,472710.0,57.56
CMR,2021,1672.3265734087215,0.0098084062337875,26915758.0,472710.0,58.148
COD,2012,400.0599018243418,0.0036754473112523,73254618.0,2267050.0,41.082
COD,2013,431.19152816093504,0.0039413678459823,75789395.0,2267050.0,41.627
COD,2014,458.0045417756765,0.0037026230711489,78403242.0,2267050.0,42.18
COD,2015,467.9145805459001,0.0043183886446058,81035531.0,2267050.0,42.74
COD,2016,442.3104721102276,0.004441840108484,83956415.0,2267050.0,43.307
COD,2017,436.58453468738486,0.0046744747087359,87083398.0,2267050.0,43.88
COD,2018,528.2560197778985,0.0049397307448089,90047644.0,2267050.0,44.46
COD,2019,557.0441613359174,0.004861737601459,92947442.0,2267050.0,45.046
COD,2020,507.5212300778722,0.0036627703811973,95989998.0,2267050.0,45.638
COD,2021,558.034077296358,0.0050571849569678,99148932.0,2267050.0,46.235
COG,2012,3732.327373203891,0.0189647264778614,4740450.0,341500.0,64.169
COG,2013,3697.417058842495,0.02561966329813,4857099.0,341500.0,64.627
COG,2014,3601.236580871796,0.0188775081187486,4975880.0,341500.0,65.085
COG,2015,2439.351894036956,0.0144031746312975,5097581.0,341500.0,65.543
COG,2016,2093.107285588428,0.0144110061228275,5222536.0,341500.0,66.001
COG,2017,2211.633098747971,0.0171882342547178,5351011.0,341500.0,66.459
COG,2018,2694.434131914268,0.0222654044628143,5483118.0,341500.0,66.916
COG,2019,2488.424667249158,0.0319652445614337,5616661.0,341500.0,67.373
COG,2020,1993.5866719310015,0.0274399388581514,5752791.0,341500.0,67.829
COG,2021,2516.162551454316,0.031186131760478,5892183.0,341500.0,68.283
COM,2012,1490.314256508712,0.0052262959070503,681630.0,1861.0,28.123
COM,2013,1603.32653496691,0.0049201692454516,696192.0,1861.0,28.223
COM,2014,1615.7171846020924,0.003850206034258,711503.0,1861.0,28.338
COM,2015,1329.3704808997995,0.0028949023690074,726682.0,1861.0,28.47
COM,2016,1365.484033531583,0.0029524057172238,741741.0,1861.0,28.619
COM,2017,1423.924802155514,0.0059950263239443,756669.0,1861.0,28.784
COM,2018,1540.711323319755,0.0071607218123972,771590.0,1861.0,28.965
COM,2019,1519.263863261673,0.006764446850866,786578.0,1861.0,29.164
COM,2020,1527.169909279556,0.0066004493273794,802163.0,1861.0,29.38
COM,2021,1587.729886014777,0.0080345077440142,818174.0,1861.0,29.613
CZE,2012,20014.035401516467,0.4954495131969452,10510785.0,77230.0,73.197
CZE,2013,20260.49549993748,0.1486010104417801,10514272.0,77220.0,73.29
CZE,2014,20038.41631802569,0.6643980741500854,10525347.0,77220.0,73.384
CZE,2015,17931.59876707676,0.6654214262962341,10546059.0,77210.0,73.477
CZE,2016,18753.96867180957,0.689186155796051,10566332.0,77210.0,73.57
CZE,2017,20913.197632212043,0.8241007328033447,10594438.0,77210.0,73.675
CZE,2018,23705.932981129885,0.7974324822425842,10629928.0,77210.0,73.792
CZE,2019,24062.719001334302,0.7889506816864014,10671870.0,77205.5,73.921
CZE,2020,23472.891545441667,0.705056369304657,10697858.0,77198.53,74.061
CZE,2021,27696.461952754424,0.8233739733695984,10505772.0,77186.83,74.214
DEU,2012,44735.58823197014,0.5103482604026794,80425823.0,348540.0,77.17
DEU,2013,47220.010209885135,0.1735241711139679,80645605.0,348880.0,77.18
DEU,2014,48971.082472259935,0.7128360867500305,80982500.0,348900.0,77.19
DEU,2015,41911.01098510537,0.720024585723877,81686611.0,348860.0,77.2
DEU,2016,42961.035690577504,0.7095759510993958,82348669.0,349360.0,77.224
DEU,2017,45526.599957653285,0.7927966713905334,82657002.0,349370.0,77.261
DEU,2018,48874.85950284536,0.8000876307487488,82905782.0,349380.0,77.312
DEU,2019,47623.86560748285,0.7786737680435181,83092962.0,349390.0,77.376
DEU,2020,47379.76519454801,0.7719475030899048,83160871.0,349390.0,77.453
DEU,2021,52265.65416205709,0.8128472566604614,83196078.0,349390.0,77.544
DJI,2012,1400.193578589536,0.0278596896678209,966747.0,23180.0,77.138
DJI,2013,2075.944984247476,0.0303282979875803,984824.0,23180.0,77.222
DJI,2014,2214.620841424321,0.0316452458500862,1002717.0,23180.0,77.314
DJI,2015,2376.1255471987265,0.0351293943822383,1020313.0,23180.0,77.417
DJI,2016,2510.430007624096,0.0372142530977726,1037653.0,23180.0,77.528
DJI,2017,2618.95521147369,0.0448291189968586,1054841.0,23180.0,77.648
DJI,2018,2718.0833879920333,0.0495807006955146,1071882.0,23180.0,77.777
DJI,2019,2837.169023409324,0.0512322001159191,1088709.0,23180.0,77.915
DJI,2020,2844.888106478533,0.0498437546193599,1105188.0,23180.0,78.062
DJI,2021,3025.9112641354923,0.0544146262109279,1121248.0,23180.0,78.217
DZA,2012,6033.648846895432,0.1319661289453506,37646166.0,2381740.0,68.915
DZA,2013,5979.601389605846,0.139601469039917,38414171.0,2381740.0,69.576
DZA,2014,6094.693923149557,0.1731548458337783,39205031.0,2381740.0,70.221
DZA,2015,4685.059027290017,0.1735885292291641,40019529.0,2381741.0,70.848
DZA,2016,4424.985290275557,0.1841073334217071,40850721.0,2381741.0,71.459
DZA,2017,4554.667539578281,0.1802226603031158,41689299.0,2381741.0,72.052
DZA,2018,4577.210291804906,0.1762598752975464,42505035.0,2381741.0,72.629
DZA,2019,4468.453418836562,0.1766266077756881,43294546.0,2381740.0,73.189
DZA,2020,3743.541952292898,0.1729599088430404,44042091.0,2381740.0,73.733
DZA,2021,4160.559267369248,0.149880439043045,44761099.0,2381740.0,74.261
EGY,2012,2996.0677072015005,0.5095914602279663,93161001.0,995450.0,42.946
EGY,2013,3025.525635524481,0.503724992275238,95333553.0,995450.0,42.893
EGY,2014,3133.391022655408,0.4806009829044342,97528654.0,995450.0,42.839
EGY,2015,3306.981594141408,0.4782735407352447,99597342.0,995450.0,42.785
EGY,2016,3270.628776819699,0.5100553035736084,101644589.0,995450.0,42.732
EGY,2017,2395.1033329949128,0.5139950513839722,103696057.0,995450.0,42.705
EGY,2018,2484.7031563050828,0.5059717893600464,105682094.0,995450.0,42.704
EGY,2019,2962.9889202300265,0.5229111313819885,107553158.0,995450.0,42.73
EGY,2020,3511.1138102637947,0.497416615486145,109315124.0,995450.0,42.783
EGY,2021,3827.354153743081,0.5343279242515564,110957008.0,995450.0,42.862
ESP,2012,28456.44381514769,0.1391928195953369,46773055.0,500210.0,78.902
ESP,2013,29228.846559842044,0.1509567350149154,46604197.0,500210.0,79.133
ESP,2014,29707.76550946701,0.2041538953781128,46460733.0,500210.0,79.366
ESP,2015,25982.44161977755,0.2011851519346237,46422303.0,499661.0,79.602
ESP,2016,26755.60611493981,0.1948086619377136,46458139.0,499564.0,79.84
ESP,2017,28381.342559690624,0.2055283039808273,46571232.0,499547.35,80.08
ESP,2018,30602.42128811132,0.1998619437217712,46782011.0,499603.479,80.321
ESP,2019,29786.5245689007,0.2055367529392242,47118501.0,499570.036,80.565
ESP,2020,27233.942646160765,0.1952647864818573,47359424.0,499556.645,80.81
ESP,2021,30799.477593777483,0.2012420147657394,47443821.0,499733.244,81.056
EST,2012,17568.213796971362,0.2102102637290954,1322696.0,42390.0,67.974
EST,2013,19310.38749007572,3.739490239240695e-06,1317997.0,43470.0,68.122
EST,2014,20581.789899169544,0.2521881759166717,1314545.0,43470.0,68.269
EST,2015,17722.155766952314,0.242627739906311,1315407.0,43470.0,68.416
EST,2016,18666.3736521706,0.2982792258262634,1315790.0,43470.0,68.563
EST,2017,20851.522349686096,0.2393843382596969,1317384.0,42750.0,68.717
EST,2018,23618.13612545807,0.2972123324871063,1321977.0,42750.0,68.88
EST,2019,24021.250141330624,0.3418545126914978,1326898.0,42750.0,69.051
EST,2020,23933.993942106536,0.2478106319904327,1329522.0,42750.0,69.229
EST,2021,27953.76702301265,0.3019492030143738,1330932.0,42750.0,69.415
ETH,2012,452.1010318857536,0.0046896943822503,95798767.0,1128582.1,18.16
ETH,2013,484.039833104062,0.0051473365165293,98438751.0,1128572.1,18.575
ETH,2014,549.9865770825876,0.0056624501012265,101115610.0,1128538.3,18.998
ETH,2015,621.8456738081328,0.0063867308199405,103867135.0,1128539.4,19.428
ETH,2016,696.1960848063238,0.0059537384659051,106718162.0,1128558.5,19.866
ETH,2017,745.6324339253431,0.0082832602784037,109666481.0,1128552.8,20.31
ETH,2018,747.9680036726737,0.006904344074428,112664152.0,1128561.4,20.763
ETH,2019,828.7090805229211,0.0071609057486057,115737383.0,1128570.9,21.225
ETH,2020,905.3131592541484,0.0069962334819138,118917671.0,1128571.4,21.695
ETH,2021,910.947887074508,0.0078558288514614,122138588.0,1128505.6,22.174
GAB,2012,9296.965879410882,0.030905095860362,1846889.0,257670.0,86.634
GAB,2013,9197.701063239469,0.030772142112255,1913059.0,257670.0,87.156
GAB,2014,9201.362766481054,0.0262798424810171,1978399.0,257670.0,87.651
GAB,2015,7047.126546343554,0.0308703426271677,2040989.0,257670.0,88.118
GAB,2016,6677.070039016437,0.027710823342204,2100306.0,257670.0,88.559
GAB,2017,6921.73373135624,0.0293542072176933,2156900.0,257670.0,88.976
GAB,2018,7624.277523377101,0.0331436619162559,2212318.0,257670.0,89.37
GAB,2019,7441.178647228097,0.0414069592952728,2267706.0,257670.0,89.741
GAB,2020,6605.803460779041,0.0295547004789114,2322539.0,257670.0,90.092
GAB,2021,8181.409141343981,0.0207347422838211,2376722.0,257670.0,90.423
GHA,2012,1543.7752423576376,0.073430061340332,26734268.0,227540.0,52.073
GHA,2013,2294.795846937434,0.0889090448617935,27386193.0,227540.0,52.748
GHA,2014,1949.908329238455,0.092256836593151,28041592.0,227540.0,53.419
GHA,2015,1722.7728283360616,0.0915993228554725,28696068.0,227540.0,54.086
GHA,2016,1912.479913399506,0.1238119527697563,29356742.0,227540.0,54.749
GHA,2017,2012.2866264126544,0.1547321677207946,30008354.0,227540.0,55.407
GHA,2018,2195.321660163773,0.1729591339826584,30637585.0,227540.0,56.06
GHA,2019,2186.6582268261286,0.1864256560802459,31258945.0,227533.0,56.707
GHA,2020,2195.454816599868,0.2179002314805984,31887809.0,227530.0,57.349
GHA,2021,2445.18662529344,0.2936442494392395,32518665.0,227533.0,57.985
GIN,2012,699.3533772121965,0.0033617643639445,10921581.0,245720.0,34.255
GIN,2013,748.4550208247343,0.0037050347309559,11191873.0,245720.0,34.545
GIN,2014,765.1469993892789,0.0037692147307097,11472924.0,245720.0,34.836
GIN,2015,747.3569667594476,0.0048292381688952,11767070.0,245720.0,35.141
GIN,2016,711.9965097823158,0.0060402201488614,12073030.0,245720.0,35.46
GIN,2017,833.598621691121,0.0079786861315369,12385659.0,245720.0,35.793
GIN,2018,933.273615633705,0.0085849110037088,12704774.0,245720.0,36.14
GIN,2019,1031.341464807319,0.0088603384792804,13034346.0,245720.0,36.5
GIN,2020,1053.660976964146,0.0095526902005076,13371183.0,245720.0,36.875
GIN,2021,1244.9655047791368,0.0118200993165373,13710513.0,245720.0,37.264
GMB,2012,692.579361628102,0.0257352963089942,2043094.0,10120.0,57.105
GMB,2013,653.8627132727431,0.0270248539745807,2103820.0,10120.0,57.82
GMB,2014,568.0045355886399,0.0263959802687168,2164528.0,10120.0,58.528
GMB,2015,619.5363642964605,0.0269355848431587,2224529.0,10120.0,59.228
GMB,2016,650.0565013236113,0.0287738349288702,2283769.0,10120.0,59.918
GMB,2017,642.5226412963307,0.0259733479470014,2342189.0,10120.0,60.599
GMB,2018,696.2198069606148,0.0285393502563238,2399632.0,10120.0,61.27
GMB,2019,738.1867519874828,0.0327350944280624,2456844.0,10120.0,61.931
GMB,2020,720.3351433521331,0.0364057496190071,2515733.0,10120.0,62.582
GMB,2021,781.8909251695309,0.0507593750953674,2576010.0,10120.0,63.222
GNB,2012,635.4616533038806,0.0015513161197304,1651417.0,28120.0,40.908
GNB,2013,654.304534409417,0.0017588350456207,1695973.0,28120.0,41.31
GNB,2014,652.0225010294494,0.0015915813855826,1741122.0,28120.0,41.715
GNB,2015,645.0668372070388,0.0032758719753473,1786457.0,28120.0,42.123
GNB,2016,679.6653866268176,0.0032341934274882,1831893.0,28120.0,42.533
GNB,2017,783.123186602022,0.0038007271941751,1877072.0,28120.0,42.945
GNB,2018,808.531613218504,0.0037742296699434,1922168.0,28120.0,43.36
GNB,2019,807.4255248728346,0.0040222499519586,1967696.0,28120.0,43.777
GNB,2020,836.2673142373203,0.0036912597715854,2013255.0,28120.0,44.196
GNB,2021,912.4841046928468,0.0051529021002352,2058841.0,28120.0,44.617
GNQ,2012,17308.57239245747,0.0048720710910856,1293483.0,28050.0,69.0
GNQ,2013,16304.071319641816,0.0073777362704277,1346218.0,28050.0,69.544
GNQ,2014,15548.662465661924,0.0076007763855159,1399828.0,28050.0,70.083
GNQ,2015,9068.910032386446,0.0102489376440644,1453923.0,28050.0,70.616
GNQ,2016,7453.197979485167,0.0099194115027785,1508186.0,28050.0,71.138
GNQ,2017,7809.104656554882,0.0098331263288855,1562396.0,28050.0,71.646
GNQ,2018,8102.470848340313,0.0105711873620748,1616422.0,28050.0,72.143
GNQ,2019,6804.149230738878,0.0103047480806708,1670177.0,28050.0,72.627
GNQ,2020,5764.055029129468,0.0085128163918852,1716468.0,28050.0,73.1
GNQ,2021,6945.630697945393,0.0082689048722386,1758786.0,28050.0,73.561
GRC,2012,21624.346052551045,0.169215589761734,11045011.0,128900.0,77.004
GRC,2013,21573.344976280478,0.1717787683010101,10965211.0,128900.0,77.355
GRC,2014,21474.725712389198,0.2252677232027053,10892413.0,128900.0,77.702
GRC,2015,17980.72982381374,0.2197096496820449,10820883.0,128900.0,78.046
GRC,2016,17919.24263770477,0.2212195992469787,10775971.0,128900.0,78.387
GRC,2017,18631.99301292935,0.2555323541164398,10754679.0,128900.0,78.724
GRC,2018,19873.401523877143,0.2494508773088455,10732882.0,128900.0,79.058
GRC,2019,19335.360200296866,0.265999436378479,10721582.0,128900.0,79.388
GRC,2020,17886.733165236048,0.271282285451889,10698599.0,128900.0,79.715
GRC,2021,20654.7001960815,0.283560961484909,10569207.0,128900.0,80.038
HRV,2012,13508.68369896929,0.1622867733240127,4260368.0,55964.0,55.506
HRV,2013,14136.396766950453,0.1662923395633697,4233922.0,55964.0,55.706
HRV,2014,14187.969453149335,0.2723792493343353,4201598.0,55964.0,55.923
HRV,2015,12285.303258210532,0.2501917779445648,4151725.0,55964.0,56.155
HRV,2016,12821.173814030428,0.2555132508277893,4106867.0,55964.0,56.403
HRV,2017,13902.631048542222,0.2905382513999939,4041407.0,55964.0,56.667
HRV,2018,15460.418329584349,0.2816646099090576,3988775.0,55964.0,56.947
HRV,2019,15563.816739719914,0.2783805429935455,3949390.0,55964.0,57.242
HRV,2020,14808.462018881932,0.2644455134868622,3914206.0,55960.0,57.553
HRV,2021,17789.930473672237,0.2813630998134613,3878981.0,55960.0,57.878
HUN,2012,12950.159448814284,0.2704053819179535,9920362.0,90530.0,69.678
HUN,2013,13739.462015140129,0.2590073645114898,9872734.0,90530.0,69.953
HUN,2014,14352.501883173978,0.4132976830005646,9833038.0,91260.0,70.227
HUN,2015,12782.941257797267,0.3685721457004547,9797755.0,91260.0,70.5
HUN,2016,13215.860527778876,0.3892802000045776,9759755.0,91260.0,70.779
HUN,2017,14736.166815725835,0.4426937401294708,9726756.0,91260.0,71.062
HUN,2018,16605.05705118868,0.4466860294342041,9706964.0,91260.0,71.351
HUN,2019,17012.859855319868,0.4662202894687652,9694824.0,91260.0,71.644
HUN,2020,16386.93088212582,0.4339447319507599,9670419.0,91260.0,71.942
HUN,2021,19030.62813032901,0.5002307891845703,9630932.0,91260.0,72.245
IRL,2012,49411.73874767873,0.1833863854408264,4599533.0,68890.0,61.942
IRL,2013,52619.21237458172,0.0,4623816.0,68890.0,62.141
IRL,2014,57278.25909111072,0.3589130043983459,4657740.0,68890.0,62.34
IRL,2015,64311.82346840575,0.3506112694740295,4701957.0,68890.0,62.538
IRL,2016,64192.94180531784,0.3578946590423584,4762722.0,68890.0,62.737
IRL,2017,72198.1076995377,0.3480695784091949,4827445.0,68890.0,62.947
IRL,2018,80738.96288346963,0.3576869964599609,4898022.0,68890.0,63.17
IRL,2019,81810.19264814066,0.334934651851654,4976456.0,68890.0,63.405
IRL,2020,86622.50672512945,0.3290365040302276,5039747.0,68890.0,63.653
IRL,2021,103961.97635064943,0.3272010385990143,5110585.0,68890.0,63.912
IRN,2012,8114.080998318772,0.3163212537765503,79370580.0,1628760.0,71.755
IRN,2013,6222.741948403264,0.3366959393024444,80414686.0,1628760.0,72.295
IRN,2014,5672.063728963186,0.379406213760376,81502045.0,1628760.0,72.83
IRN,2015,4952.733555321775,0.3854545354843139,82619362.0,1628760.0,73.358
IRN,2016,5477.037123899129,0.4604237675666809,83812228.0,1628760.0,73.88
IRN,2017,5753.115446593992,0.5317779183387756,85026754.0,1622500.0,74.394
IRN,2018,4631.787090165143,0.4958459138870239,86117998.0,1622500.0,74.898
IRN,2019,3831.278947633373,0.4469087123870849,87051648.0,1622500.0,75.391
IRN,2020,2988.781224147159,0.4498575627803802,87723443.0,1622500.0,75.874
IRN,2021,4334.792686313537,0.481951355934143,88455488.0,1622500.0,76.345
IRQ,2012,6477.596184509547,0.9235703349113464,33654842.0,434320.0,69.432
IRQ,2013,6650.352822473952,0.9926547408103944,35281989.0,434128.0,69.595
IRQ,2014,6249.3922697896905,1.0799306631088257,36550059.0,434128.0,69.758
IRQ,2015,4440.141892523674,1.2401474714279177,37560535.0,434128.0,69.921
IRQ,2016,4334.420964041879,1.380712628364563,38469627.0,434128.0,70.094
IRQ,2017,4759.284643546699,1.4161019325256348,39337353.0,434128.0,70.278
IRQ,2018,5646.689320747416,1.4262477159500122,40265624.0,434128.0,70.473
IRQ,2019,5671.856863294203,1.4442178010940552,41192171.0,434130.0,70.678
IRQ,2020,4295.189451212281,1.4141573905944824,42116605.0,434130.0,70.893
IRQ,2021,4868.494310807826,1.3903275728225708,43071211.0,434130.0,71.119
ITA,2012,34854.39494419646,0.4662177860736847,60191247.0,295718.0,68.684
ITA,2013,35701.67460023755,0.4491026699542999,60311613.0,295718.0,68.979
ITA,2014,36028.34940223488,0.6840822696685791,60320707.0,295718.0,69.272
ITA,2015,30639.882975143213,0.6807764172554016,60229605.0,295718.0,69.565
ITA,2016,31391.569289810846,0.6729944944381714,60115223.0,295718.0,69.855
ITA,2017,32844.115660604024,0.7283339500427246,60002252.0,295718.0,70.144
ITA,2018,34904.10819238336,0.7100567817687988,60148658.0,295718.0,70.438
ITA,2019,33812.788724867976,0.7242780923843384,59729081.0,295717.0,70.736
ITA,2020,32091.48666213664,0.7202196717262268,59438851.0,295717.0,71.039
ITA,2021,36852.542541495095,0.7339432835578918,59133173.0,295717.0,71.346
JOR,2012,4169.504700546181,0.2722440361976623,7587127.0,88780.0,88.185
JOR,2013,4311.219167130379,0.278605043888092,7991809.0,88780.0,89.125
JOR,2014,4191.180500849864,0.3175365328788757,8791710.0,88780.0,90.0
JOR,2015,4042.756780975546,0.3282663524150848,9544729.0,88780.0,90.256
JOR,2016,3986.7167701085286,0.3790027201175689,10006367.0,88780.0,90.506
JOR,2017,4065.6162874938423,0.4290001094341278,10234226.0,88780.0,90.747
JOR,2018,4145.439896732647,0.4797383546829223,10462306.0,88780.0,90.979
JOR,2019,4170.114400346496,0.5206498503684998,10671891.0,88794.0,91.203
JOR,2020,4022.040135613496,0.5017431974411011,10865228.0,88794.0,91.418
JOR,2021,4183.499983268664,0.5535411238670349,11066356.0,88794.0,91.626
KEN,2012,1285.005361715117,0.0121848853304982,43888303.0,569140.0,24.376
KEN,2013,1370.8788521465926,0.0145581439137458,44986791.0,569140.0,24.794
KEN,2014,1482.8156625349743,0.0173408761620521,46051440.0,569140.0,25.221
KEN,2015,1489.1195977728398,0.0205018371343612,47088526.0,571096.05,25.658
KEN,2016,1554.1261031442327,0.0225362218916416,48139687.0,573052.1,26.105
KEN,2017,1667.4844723083545,0.0308565106242895,49197766.0,575008.15,26.562
KEN,2018,1836.4527552899292,0.0305388085544109,50207107.0,576964.2,27.03
KEN,2019,1960.408088548926,0.0370319560170173,51202827.0,578920.25,27.507
KEN,2020,1927.6645902784887,0.0339595898985862,52217334.0,580876.3,27.995
KEN,2021,2061.3562208959406,0.0389670804142952,53219166.0,580876.3,28.493
KWT,2012,52155.22254604792,4.124639511108398,3337109.0,17820.0,100.0
KWT,2013,49651.04397094482,4.605650424957275,3507844.0,17820.0,100.0
KWT,2014,44368.78137304304,5.005593776702881,3665876.0,17820.0,100.0
KWT,2015,29882.212686706844,4.821758270263672,3834574.0,17820.0,100.0
KWT,2016,27323.689064384704,5.157235622406006,4004096.0,17820.0,100.0
KWT,2017,29047.6535822842,4.854015827178955,4154812.0,17820.0,100.0
KWT,2018,32067.96236895116,5.168262958526611,4323515.0,17820.0,100.0
KWT,2019,31707.87374649174,5.015585899353027,4442316.0,17820.0,100.0
KWT,2020,25236.0755520534,5.121611595153809,4400267.0,17820.0,100.0
KWT,2021,34018.63428796473,4.869077682495117,4360865.0,17820.0,100.0
LBN,2012,8406.984056081175,1.127601981163025,5235742.0,10230.0,87.636
LBN,2013,8162.379293613964,1.3894269466400146,5743436.0,10230.0,87.79
LBN,2014,7577.641330236905,1.3857978582382202,6346990.0,10230.0,87.947
LBN,2015,7714.109999880404,1.406761646270752,6472469.0,10230.0,88.106
LBN,2016,8089.012088155,1.508968710899353,6323060.0,10230.0,88.266
LBN,2017,8608.21084982387,1.8058607578277588,6160128.0,10230.0,88.429
LBN,2018,9174.536662047589,1.8673416376113887,5984119.0,10230.0,88.593
LBN,2019,8905.880054974366,1.871204733848572,5794594.0,10230.0,88.758
LBN,2020,5561.19166950397,1.5413665771484375,5702398.0,10230.0,88.925
LBN,2021,4045.3739106623375,1.1322195529937744,5718122.0,10230.0,89.093
LBR,2012,638.3687514620826,0.0021084940526634,4373043.0,96320.0,48.583
LBR,2013,710.7445709278632,0.0024109287187457,4470239.0,96320.0,48.985
LBR,2014,706.7144900645072,0.002259710105136,4564293.0,96320.0,49.397
LBR,2015,692.590082351257,0.0025346272159367,4659431.0,96320.0,49.82
LBR,2016,714.6130631456588,0.0024830673355609,4755608.0,96320.0,50.254
LBR,2017,699.2690957274035,0.003334860317409,4848925.0,96320.0,50.697
LBR,2018,692.2031271297944,0.003477084916085,4944726.0,96320.0,51.151
LBR,2019,658.1641807705065,0.0034528423566371,5043721.0,96320.0,51.615
LBR,2020,616.787867006715,0.0037737821694463,5149463.0,96320.0,52.089
LBR,2021,667.9661051431905,0.005710806697607,5259323.0,96320.0,52.573
LBY,2012,14975.890279514448,0.1211962103843689,6179328.0,1759540.0,78.512
LBY,2013,11951.713412601106,0.1140913814306259,6304628.0,1759540.0,78.756
LBY,2014,8926.420745914742,0.095467209815979,6427252.0,1759540.0,79.009
LBY,2015,7458.489177563744,0.0858744904398918,6531819.0,1759540.0,79.27
LBY,2016,7525.8029930821585,0.0855816751718521,6632126.0,1759540.0,79.54
LBY,2017,9965.832367297568,0.1042307838797569,6738770.0,1759540.0,79.817
LBY,2018,11196.585481084374,0.1129971295595169,6849055.0,1759540.0,80.102
LBY,2019,9963.194890844828,0.1128594875335693,6951033.0,1759540.0,80.393
LBY,2020,6650.338105853479,0.080409288406372,7045399.0,1759540.0,80.691
LBY,2021,4935.827873498015,0.1256665289402008,7135175.0,1759540.0,80.994
LSO,2012,1217.9307122894418,0.0336978062987327,2034354.0,30360.0,25.704
LSO,2013,1151.0373583722674,0.040188755840063,2056504.0,30360.0,26.101
LSO,2014,1173.5377928819005,0.0343067124485969,2080089.0,30360.0,26.502
LSO,2015,1121.1985134251822,0.0330337882041931,2104611.0,30360.0,26.908
LSO,2016,992.4918406784652,0.0317887738347053,2130422.0,30360.0,27.317
LSO,2017,1069.366732475424,0.0365587137639522,2157110.0,30360.0,27.73
LSO,2018,1170.6556970281936,0.0355996936559677,2183603.0,30360.0,28.153
LSO,2019,1082.0570677751584,0.0433205589652061,2209405.0,30360.0,28.585
LSO,2020,918.5825774219816,0.0412133708596229,2235727.0,30360.0,29.028
LSO,2021,1066.5864360009298,0.0420329086482524,2261542.0,30360.0,29.48
LTU,2012,14288.185349313851,0.1399374604225158,2989139.0,62674.0,66.864
LTU,2013,15636.525258604766,0.0,2961250.0,62675.0,66.986
LTU,2014,16446.164718166307,0.1818014085292816,2937253.0,62650.0,67.108
LTU,2015,14269.803987828654,0.1563966274261474,2911109.0,62650.0,67.23
LTU,2016,14934.27028404284,0.2083446979522705,2877325.0,62642.0,67.366
LTU,2017,16800.151024609866,0.2164064347743988,2842639.0,62641.0,67.516
LTU,2018,19247.231536796684,0.2650615274906158,2819200.0,62630.0,67.679
LTU,2019,19608.794394555272,0.2525098323822021,2811089.0,62620.0,67.855
LTU,2020,20428.64781573941,0.1999254375696182,2810369.0,62620.0,68.046
LTU,2021,23870.459485172207,0.3232026100158691,2808380.0,62610.0,68.249
LVA,2012,13329.349993127104,0.1064079627394676,2034319.0,62227.0,67.897
LVA,2013,14484.47152821325,5.361068815545877e-06,2012647.0,62227.0,67.925
LVA,2014,15185.81458123595,0.1289927810430526,1993782.0,62227.0,67.952
LVA,2015,13321.975314061565,0.1312197893857956,1977527.0,62227.0,67.98
LVA,2016,13838.526682327232,0.1633324176073074,1959537.0,62227.0,68.021
LVA,2017,15132.495833398172,0.1627661287784576,1942248.0,62227.0,68.075
LVA,2018,17252.171042862567,0.2006410807371139,1927174.0,62227.0,68.142
LVA,2019,17294.975160096918,0.195558562874794,1913822.0,62227.0,68.222
LVA,2020,17564.232154935427,0.1380394548177719,1900449.0,62230.0,68.315
LVA,2021,20261.888778891636,0.2057967782020568,1884490.0,62230.0,68.421
MAR,2012,3164.17724609375,0.0490017235279083,33355241.0,446300.0,59.142
MAR,2013,3379.7431640625,0.0534372813999652,33787571.0,446300.0,59.7
MAR,2014,3435.40698242188,0.0597491562366485,34204780.0,446300.0,60.256
MAR,2015,3146.24780273438,0.0640506148338317,34607588.0,446300.0,60.809
MAR,2016,3140.85546875,0.0677758604288101,35023457.0,446300.0,61.36
MAR,2017,3296.52661132813,0.0759811550378799,35446392.0,446300.0,61.908
MAR,2018,3501.69799804688,0.0748574212193489,35839760.0,446300.0,62.453
MAR,2019,3508.09765625,0.081364631652832,36210898.0,446300.0,62.994
MAR,2020,3268.0302734375,0.0814557075500488,36584208.0,446300.0,63.532
MAR,2021,3785.93627929688,0.081702820956707,36954442.0,446300.0,64.065
MDG,2012,493.5111629042107,0.0020074653439223,23462438.0,581795.0,33.227
MDG,2013,515.3015893618319,0.0022081779316067,24109290.0,581800.0,33.878
MDG,2014,505.6849225034353,0.0020967766176909,24764348.0,581800.0,34.534
MDG,2015,445.3200694805676,0.0020667049102485,25426702.0,581800.0,35.193
MDG,2016,453.97071452246337,0.002079539000988,26099952.0,581800.0,35.856
MDG,2017,491.8668487189288,0.0025134938769042,26788375.0,581800.0,36.522
MDG,2018,500.4571855291595,0.0025132405571639,27494926.0,581800.0,37.191
MDG,2019,499.8188376225341,0.0025580378714948,28219554.0,581800.0,37.861
MDG,2020,450.7716152015095,0.0026322861667722,28953556.0,581800.0,38.534
MDG,2021,483.4694633513706,0.0029893449973315,29691083.0,581800.0,39.207
MLI,2012,878.2171753448575,0.0015519838780164,16957033.0,1220190.0,37.599
MLI,2013,903.190452512378,0.0017153001390397,17459615.0,1220190.0,38.398
MLI,2014,940.243260037952,0.0018322131363674,18020267.0,1220190.0,39.196
MLI,2015,838.1198694010295,0.0020678243599832,18593022.0,1220190.0,39.991
MLI,2016,872.4685871716532,0.0023394469171762,19191289.0,1220190.0,40.783
MLI,2017,924.0575316922836,0.0029586474411189,19813011.0,1220190.0,41.572
MLI,2018,996.3792921369012,0.0031587567646056,20442030.0,1220190.0,42.356
MLI,2019,971.9493186380917,0.0033294677268713,21068405.0,1220190.0,43.136
MLI,2020,953.2429432909744,0.0034602528903633,21713836.0,1220190.0,43.909
MLI,2021,1027.2734536535686,0.0040150615386664,22388630.0,1220190.0,44.677
MOZ,2012,685.6857481995128,0.0069605740718543,24337846.0,786380.0,32.846
MOZ,2013,686.505672517351,0.007975872606039,25051611.0,786380.0,33.36
MOZ,2014,697.1426804441226,0.0085284924134612,25788475.0,786380.0,33.878
MOZ,2015,610.5637747065892,0.0092670917510986,26547572.0,786380.0,34.4
MOZ,2016,441.4897348190715,0.0090833781287074,27337105.0,786380.0,34.926
MOZ,2017,470.9385630519602,0.0104625672101974,28166393.0,786380.0,35.455
MOZ,2018,517.5072602581007,0.0107640149071812,29018644.0,786380.0,35.988
MOZ,2019,519.0925509136196,0.010788045823574,29884380.0,786380.0,36.528
MOZ,2020,462.4338764799215,0.0110568292438983,30783688.0,786380.0,37.074
MOZ,2021,509.90782947555147,0.0123500367626547,31707800.0,786380.0,37.628
MRT,2012,1859.1173324764088,0.001389654004015,3619034.0,1030700.0,48.4
MRT,2013,1934.2410306471409,0.0016613045008853,3734318.0,1030700.0,49.306
MRT,2014,1713.008652642339,0.0018580940086394,3848514.0,1030700.0,50.203
MRT,2015,1554.9489787178247,0.0020850414875894,3965959.0,1030700.0,51.089
MRT,2016,1565.7657572269577,0.002340046223253,4086657.0,1030700.0,51.962
MRT,2017,1615.0040132732322,0.0029662805609405,4210600.0,1030700.0,52.824
MRT,2018,1722.9352885407272,0.0033543072640895,4337685.0,1030700.0,53.672
MRT,2019,1767.0727106209977,0.0036864571738988,4467708.0,1030700.0,54.507
MRT,2020,1795.7645956671436,0.0035499073565006,4600131.0,1030700.0,55.327
MRT,2021,1947.789183833133,0.0038785771466791,4734874.0,1030700.0,56.133
MUS,2012,9291.23627601053,0.0035932825412601,1255882.0,1997.0,41.332
MUS,2013,9764.644130600447,0.0040914760902523,1258927.0,1997.0,41.222
MUS,2014,10366.355075493617,0.003900354495272,1261208.0,1997.0,41.111
MUS,2015,9507.871336564236,0.003929438535124,1262879.0,1997.0,41.0
MUS,2016,9965.725310852278,0.004057066515088,1263747.0,1997.0,40.91
MUS,2017,10841.68477548439,0.0045877089723944,1264887.0,1997.0,40.841
MUS,2018,11643.4605962124,0.0046622399240732,1265577.0,1997.0,40.793
MUS,2019,11403.252787067411,0.0048201391473412,1265985.0,1997.0,40.766
MUS,2020,9011.042884450237,0.0048688268288969,1266014.0,1997.0,40.76
MUS,2021,9068.973002267072,0.0050339070148766,1266334.0,1997.0,40.775
MWI,2012,558.46208832772,0.0203687977045774,15709577.0,94280.0,15.812
MWI,2013,496.94736826731287,0.0203583817929029,16161816.0,94280.0,15.966
MWI,2014,529.5133440205997,0.015116412192583,16621538.0,94280.0,16.132
MWI,2015,539.605363240686,0.0190056767314672,17085587.0,94280.0,16.313
MWI,2016,450.5061055107186,0.0168031193315982,17557739.0,94280.0,16.506
MWI,2017,495.76968336716527,0.0178944915533065,18039715.0,94280.0,16.714
MWI,2018,533.2031736867051,0.0198486149311065,18528081.0,94280.0,16.937
MWI,2019,580.8898160667763,0.01898561604321,19025752.0,94280.0,17.174
MWI,2020,602.5074781761056,0.0194517225027084,19533888.0,94280.0,17.427
MWI,2021,617.4475208024538,0.0217847656458616,20047258.0,94280.0,17.695
NAM,2012,5942.646809786729,0.0043223174288868,2194654.0,823290.0,43.693
NAM,2013,5346.621311499674,0.0049147983081638,2252508.0,823290.0,44.756
NAM,2014,5378.323262412051,0.0049148378893733,2312139.0,823290.0,45.826
NAM,2015,4774.106508657753,0.0052889306098222,2374300.0,823290.0,46.9
NAM,2016,4395.687761623764,0.0056940396316349,2439213.0,823290.0,47.961
NAM,2017,5143.960723230756,0.0066149728372693,2506853.0,823290.0,49.005
NAM,2018,5308.608134087051,0.006651216186583,2577327.0,823290.0,50.032
NAM,2019,4731.921031883102,0.0067727859131991,2650494.0,823290.0,51.042
NAM,2020,3878.589829939662,0.0067295054905116,2728762.0,823290.0,52.033
NAM,2021,4412.835569305204,0.0068836747668683,2810548.0,823290.0,53.005
NER,2012,528.5101044696552,0.0018949285149574,17836769.0,1266700.0,16.212
NER,2013,552.1033343631171,0.0025201798416674,18519898.0,1266700.0,16.208
NER,2014,565.3098973117496,0.0025946353562176,19215909.0,1266700.0,16.219
NER,2015,485.6625741752788,0.0018660831265151,19939498.0,1266700.0,16.247
NER,2016,502.7064754064456,0.0017296018777415,20685753.0,1266700.0,16.29
NER,2017,521.8041300234345,0.0020363559015095,21435446.0,1266700.0,16.35
NER,2018,578.5680356808915,0.0022251210175454,22188069.0,1266700.0,16.425
NER,2019,561.6913043496979,0.0024974322877824,22947757.0,1266700.0,16.517
NER,2020,579.5124957582361,0.00289236032404,23717613.0,1266700.0,16.626
NER,2021,608.722439593808,0.0032654087990522,24502140.0,1266700.0,16.751
NGA,2012,2633.197346713614,0.0901311486959457,176200625.0,910770.0,45.246
NGA,2013,2872.790833793982,0.1323734819889068,181049443.0,910770.0,46.118
NGA,2014,3088.7213131616927,0.1266870945692062,185896915.0,910770.0,46.982
NGA,2015,2585.733606717974,0.1442354023456573,190671878.0,910770.0,47.838
NGA,2016,2070.412733959496,0.1098512262105941,195443700.0,910770.0,48.683
NGA,2017,1876.3402711177296,0.1461207568645477,200254579.0,910770.0,49.519
NGA,2018,2057.8794455401057,0.1654813438653946,204938755.0,910770.0,50.344
NGA,2019,2265.1552086305574,0.1532954722642898,209485641.0,910770.0,51.157
NGA,2020,2019.6570632622404,0.1181410998106002,213996181.0,910770.0,51.958
NGA,2021,2017.2748648152665,0.1039990931749343,218529286.0,910770.0,52.746
NOR,2012,102175.91929837366,0.0026051963213831,5018573.0,365244.0,79.874
NOR,2013,103553.84013441677,0.0,5079623.0,365122.96,80.286
NOR,2014,97666.69518387492,0.0024848871398717,5137232.0,365108.0,80.692
NOR,2015,74809.96580498976,0.0027563648764044,5188607.0,365190.7,81.091
NOR,2016,70867.36099707492,0.0025715923402458,5234519.0,365145.73,81.485
NOR,2017,76131.83840327642,0.0042146015912294,5276968.0,365123.0,81.871
NOR,2018,82792.84271133045,0.0032363447826355,5311916.0,365108.0,82.248
NOR,2019,76430.58894733385,0.004012098070234,5347896.0,365094.0,82.616
NOR,2020,68340.01810337017,0.0026717488653957,5379475.0,364285.0,82.974
NOR,2021,93072.89251195708,0.0025186934508383,5408320.0,364270.0,83.323
OMN,2012,24642.297876859564,0.1923108249902725,3547106.0,309500.0,77.564
OMN,2013,23458.02338400529,0.2176630645990371,3833913.0,309500.0,78.882
OMN,2014,23160.65022525467,0.2367109656333923,4002439.0,309500.0,80.145
OMN,2015,18808.30779218389,0.2486491203308105,4184895.0,309500.0,81.35
OMN,2016,17110.189746054482,0.2636264562606811,4390877.0,309500.0,82.5
OMN,2017,17820.066180933452,0.2766344249248504,4537396.0,309500.0,83.56
OMN,2018,19901.76156420162,0.2706629335880279,4597877.0,309500.0,84.539
OMN,2019,19180.186415280143,0.272643506526947,4591241.0,309500.0,85.443
OMN,2020,16784.86306300576,0.243991419672966,4522497.0,309500.0,86.276
OMN,2021,19403.460016021098,0.2324461340904235,4500424.0,309500.0,87.044
POL,2012,13087.42094332095,0.671297013759613,38063164.0,306220.0,60.654
POL,2013,13621.902379403096,0.0409043841063976,38040196.0,306210.0,60.529
POL,2014,14262.284191411594,0.843004584312439,38011735.0,306190.0,60.403
POL,2015,12637.522032440616,0.767132043838501,37986412.0,306190.0,60.278
POL,2016,12464.012104482732,0.8294022679328918,37970087.0,306190.0,60.178
POL,2017,13913.34151901244,0.90676349401474,37974826.0,306190.0,60.105
POL,2018,15658.21058669296,0.961150050163269,37974750.0,306170.0,60.058
POL,2019,15874.522053125382,0.9074879884719848,37965475.0,306110.0,60.037
POL,2020,16150.92910097257,0.8401082754135132,37515748.0,306130.0,60.043
POL,2021,18635.50888125089,1.0200480222702026,36981559.0,306100.0,60.075
PRT,2012,20593.4274224109,0.0458654798567295,10514844.0,91590.0,61.763
PRT,2013,21676.485964271385,0.0484571531414985,10457295.0,91605.2,62.352
PRT,2014,22120.685012710743,0.0676993727684021,10401062.0,91605.6,62.936
PRT,2015,19215.781301434683,0.0693453997373581,10358076.0,91605.6,63.514
PRT,2016,19980.280886651573,0.0703057795763015,10325452.0,91605.6,64.086
PRT,2017,21442.384276887915,0.0721281990408897,10300300.0,91605.6,64.652
PRT,2018,23541.14010752886,0.0695338323712349,10283822.0,91605.6,65.211
PRT,2019,23343.362897003437,0.069696731865406,10286263.0,91605.6,65.764
PRT,2020,22299.404406217305,0.0634783208370208,10297081.0,91605.6,66.31
PRT,2021,24711.451006211093,0.0629801452159881,10361831.0,91605.6,66.849
QAT,2012,108470.378825036,7.935840129852295,1722438.0,11610.0,98.697
QAT,2013,103697.00837237282,7.99152135848999,1916426.0,11610.0,98.785
QAT,2014,95840.6310094498,8.580484390258789,2151745.0,11490.0,98.868
QAT,2015,68985.29469615073,9.053214073181152,2344557.0,11490.0,98.945
QAT,2016,61253.63754827974,9.472143173217772,2477113.0,11490.0,99.015
QAT,2017,63279.855694933154,10.337845802307127,2545820.0,11490.0,99.078
QAT,2018,71039.8490579352,11.150643348693848,2580734.0,11490.0,99.135
QAT,2019,66841.30134849194,11.933944702148438,2638657.0,11490.0,99.188
QAT,2020,51683.50543766771,12.618045806884766,2794148.0,11490.0,99.235
QAT,2021,71751.88312571691,12.573007583618164,2504910.0,11490.0,99.278
ROU,2012,8929.953662314741,0.2060909122228622,20058035.0,230020.0,53.974
ROU,2013,9497.674116152371,0.2123878747224807,19983693.0,230030.0,53.937
ROU,2014,10031.771075540391,0.3149475753307342,19908979.0,230080.0,53.9
ROU,2015,8977.017481581965,0.2744733393192291,19815616.0,230080.0,53.887
ROU,2016,9404.540058707147,0.2849539518356323,19702267.0,230080.0,53.9
ROU,2017,10727.982200742588,0.3321883082389831,19588715.0,230080.0,53.936
ROU,2018,12502.262406193502,0.3514655828475952,19473970.0,230080.0,53.998
ROU,2019,12992.032610467377,0.3580454587936401,19371648.0,230080.0,54.084
ROU,2020,13082.300655955389,0.3541916608810425,19265250.0,230080.0,54.194
ROU,2021,14986.785490427405,0.4186058640480041,19122059.0,230080.0,54.329
RWA,2012,706.8172686891002,0.0381304919719696,10829901.0,24670.0,16.943
RWA,2013,704.9242179661595,0.0522463098168373,11093340.0,24670.0,16.947
RWA,2014,724.9575261092621,0.055235918611288,11364757.0,24670.0,16.967
RWA,2015,733.9986303923145,0.0559639111161232,11640022.0,24670.0,17.004
RWA,2016,729.5191340446113,0.0545587465167045,11919183.0,24670.0,17.056
RWA,2017,758.3009667376243,0.0753444731235504,12202060.0,24670.0,17.125
RWA,2018,771.7735110579006,0.0774589851498603,12487996.0,24670.0,17.211
RWA,2019,810.0514121373539,0.0819685533642768,12776103.0,24670.0,17.313
RWA,2020,778.7014987874107,0.0949291065335273,13065837.0,24670.0,17.432
RWA,2021,829.5448456397766,0.1188410818576812,13355260.0,24670.0,17.568
SAU,2012,28733.437551345218,0.311201274394989,26168861.0,2149690.0,82.52
SAU,2013,27865.465604962024,0.343407541513443,27624004.0,2149690.0,82.74
SAU,2014,27805.48503194224,0.371744692325592,28309273.0,2149690.0,82.96
SAU,2015,23256.154955353068,0.4140312075614929,29816382.0,2149690.0,83.18
SAU,2016,22267.721705038737,0.4397203922271728,30954198.0,2149690.0,83.401
SAU,2017,23929.290713598155,0.4639674127101898,30977355.0,2149690.0,83.622
SAU,2018,29360.065896856635,0.4654330611228943,30196281.0,2149690.0,83.844
SAU,2019,29566.79338274359,0.4751772582530975,30063799.0,2149690.0,84.065
SAU,2020,24338.830730106733,0.4698171615600586,31552510.0,2149690.0,84.287
SAU,2021,31920.765365564308,0.4575176537036896,30784383.0,2149690.0,84.508
SDN,2012,1019.22210693359,0.0098312068730592,36923178.0,1868000.0,33.346
SDN,2013,1138.62780761719,0.0117948912084102,37785849.0,1868000.0,33.507
SDN,2014,1275.43835449219,0.0119043635204434,38823318.0,1868000.0,33.689
SDN,2015,1292.37963867188,0.0142411272972822,40024431.0,1868000.0,33.894
SDN,2016,1033.21594238281,0.0141274090856313,41259892.0,1868000.0,34.121
SDN,2017,966.505676269531,0.016022028401494,42714306.0,1868000.0,34.37
SDN,2018,731.027465820313,0.0154659943655133,44230596.0,1868000.0,34.642
SDN,2019,709.975280761719,0.015877241268754,45548175.0,1868000.0,34.936
SDN,2020,577.795227050781,0.0167094357311725,46789231.0,1868000.0,35.253
SDN,2021,712.122009277344,0.0172375403344631,48066924.0,1868000.0,35.593
SEN,2012,1326.837988483788,0.0183749441057443,13310495.0,192530.0,44.603
SEN,2013,1379.831965539237,0.020133601501584,13710849.0,192530.0,45.019
SEN,2014,1398.891376013819,0.0229229591786861,14152102.0,192530.0,45.436
SEN,2015,1218.0061355543774,0.0247277356684207,14593331.0,192530.0,45.862
SEN,2016,1266.439571515872,0.0253424681723117,15034521.0,192530.0,46.296
SEN,2017,1356.8051844903102,0.0315569825470447,15475002.0,192530.0,46.74
SEN,2018,1452.556125624453,0.0333246737718582,15914498.0,192530.0,47.192
SEN,2019,1431.1812893215913,0.0381571277976036,16352922.0,192530.0,47.653
SEN,2020,1461.087203505526,0.041021317243576,16789219.0,192530.0,48.122
SEN,2021,1598.1067695227428,0.0517976582050323,17220867.0,192530.0,48.6
SLE,2012,937.504428180231,0.0034217427019029,6551080.0,72180.0,39.642
SLE,2013,1117.471830751147,0.0049056373536586,6714051.0,72180.0,40.036
SLE,2014,1117.758646572104,0.0055952854454517,6876385.0,72180.0,40.432
SLE,2015,964.5759808889884,0.0054785874672234,7037655.0,72180.0,40.829
SLE,2016,844.4164111754764,0.0050499713979661,7205328.0,72180.0,41.228
SLE,2017,779.1860078417283,0.0067804479040205,7379299.0,72180.0,41.636
SLE,2018,845.9145404609322,0.0069654989056289,7554563.0,72180.0,42.055
SLE,2019,844.0495551791156,0.0072880326770246,7731991.0,72180.0,42.484
SLE,2020,845.9829142845655,0.0072974963113665,7912558.0,72180.0,42.923
SLE,2021,886.1929391044689,0.0095734437927603,8094602.0,72180.0,43.372
SOM,2012,350.2619467205121,0.0001433992001693,12461160.0,627340.0,41.558
SOM,2013,393.3987039529792,0.0002157092676497,12869594.0,627340.0,42.117
SOM,2014,429.4316567251017,0.0002856205683201,13339491.0,627340.0,42.679
SOM,2015,445.583080073396,0.0003538497549016,13806963.0,627340.0,43.245
SOM,2016,460.928490585175,0.0003665262775029,14348740.0,627340.0,43.816
SOM,2017,510.93995231772567,0.0005007326835766,14916629.0,627340.0,44.391
SOM,2018,509.52580189850846,0.0006205197423696,15452487.0,627340.0,44.971
SOM,2019,539.8939315654069,0.0007461122586391,16030971.0,627340.0,45.554
SOM,2020,518.1847784943341,0.0008631621603854,16651191.0,627340.0,46.141
SOM,2021,549.1147427217014,0.0011065114522352,17271431.0,627340.0,46.731
SWE,2012,57749.825132866434,0.1626313328742981,9519374.0,407339.7,85.62
SWE,2013,60844.27671139754,0.0,9600379.0,407339.7,85.936
SWE,2014,59583.71400016732,0.1191661804914474,9696110.0,407339.7,86.247
SWE,2015,51197.95293411751,0.1421422213315963,9799186.0,407310.64,86.553
SWE,2016,51820.39724826757,0.1579470932483673,9923085.0,407310.64,86.852
SWE,2017,53300.85872817852,0.1756872087717056,10057698.0,407310.64,87.146
SWE,2018,54181.90697809045,0.1694384217262268,10175214.0,407310.64,87.431
SWE,2019,51773.04645589933,0.1828915327787399,10278887.0,407280.0,87.708
SWE,2020,52653.75659342474,0.1318579316139221,10353442.0,407280.0,87.977
SWE,2021,61174.96802156223,0.1617850065231323,10415811.0,407280.0,88.238
SWZ,2012,4347.995693366309,0.1663180142641067,1123863.0,17200.0,22.849
SWZ,2013,3951.120081390057,0.1770796179771423,1129990.0,17200.0,22.999
SWZ,2014,3771.9079645840648,0.1676016896963119,1136299.0,17200.0,23.149
SWZ,2015,3420.753570672789,0.166466549038887,1142813.0,17200.0,23.3
SWZ,2016,3239.8070750141424,0.1740729212760925,1149507.0,17200.0,23.459
SWZ,2017,3853.9914791810215,0.2079173624515533,1158195.0,17200.0,23.625
SWZ,2018,3973.463449336671,0.1772985011339187,1168929.0,17200.0,23.799
SWZ,2019,3913.1264396930096,0.167125791311264,1179874.0,17200.0,23.981
SWZ,2020,3454.784217446004,0.1832339614629745,1192729.0,17200.0,24.171
SWZ,2021,3966.298632538323,0.1774694323539734,1206593.0,17200.0,24.369
SYR,2012,1897.6611501869636,0.213671013712883,22759763.0,183630.0,53.555
SYR,2013,985.8926692270542,0.1530259549617767,21666917.0,183630.0,52.529
SYR,2014,1060.5910588685424,0.123498298227787,20273659.0,183630.0,51.5
SYR,2015,847.7316319425646,0.1020500436425209,19424618.0,183630.0,52.168
SYR,2016,656.3490586313004,0.1250512450933456,19193834.0,183630.0,52.835
SYR,2017,851.5020052541528,0.2071830779314041,19224668.0,183630.0,53.5
SYR,2018,1098.0668642356993,0.1451692134141922,19577845.0,183630.0,54.162
SYR,2019,1109.539260360489,0.1733575314283371,20353534.0,183630.0,54.821
SYR,2020,572.3552898319015,0.1657851934432983,21049429.0,183630.0,55.475
SYR,2021,663.6142457068148,0.1469137668609619,21628839.0,183630.0,56.124
TCD,2012,1354.3434470193736,0.001730162766762,13210998.0,1259200.0,22.142
TCD,2013,1304.8874297147463,0.0030875133816152,13691079.0,1259200.0,22.248
TCD,2014,1278.7898142249378,0.0032509735319763,14188678.0,1259200.0,22.372
TCD,2015,993.9907306108692,0.0046383617445826,14647621.0,1259200.0,22.515
TCD,2016,861.8317676307461,0.004495421424508,15114655.0,1259200.0,22.677
TCD,2017,854.4612004009803,0.0044030658900737,15622759.0,1259200.0,22.858
TCD,2018,948.6566298712312,0.0034729074686765,16156531.0,1259200.0,23.059
TCD,2019,893.3364416433249,0.0032157143577933,16685223.0,1259200.0,23.279
TCD,2020,866.9478148904094,0.002730012172833,17224679.0,1259200.0,23.52
TCD,2021,946.3585002083736,0.0027025244198739,17828273.0,1259200.0,23.781
TGO,2012,762.3920475870876,0.017336530610919,7100736.0,54390.0,38.546
TGO,2013,826.5432594571259,0.0215704105794429,7285442.0,54390.0,39.061
TGO,2014,855.5852848566562,0.025088183581829,7472450.0,54390.0,39.579
TGO,2015,751.0524050843359,0.0310571920126676,7663195.0,54390.0,40.1
TGO,2016,772.5817870939759,0.0345239900052547,7858289.0,54390.0,40.628
TGO,2017,792.7654872190692,0.0408205315470695,8057140.0,54390.0,41.162
TGO,2018,851.1308068918074,0.0441526472568511,8258778.0,54390.0,41.702
TGO,2019,826.2606540998936,0.0435720086097717,8463068.0,54390.0,42.248
TGO,2020,853.5782202637218,0.0488103106617927,8669720.0,54390.0,42.8
TGO,2021,939.6133737864068,0.0638365373015403,8878379.0,54390.0,43.358
TUN,2012,4297.267824542726,0.1950062215328216,11009647.0,155360.0,67.218
TUN,2013,4369.79345826358,0.1943295896053314,11141361.0,155360.0,67.495
TUN,2014,4458.978954645474,0.253015786409378,11274288.0,155360.0,67.772
TUN,2015,4014.9477368643215,0.2520481944084167,11402264.0,155360.0,68.056
TUN,2016,3847.803544488087,0.2679430246353149,11528674.0,155360.0,68.346
TUN,2017,3619.032473199532,0.303971529006958,11650498.0,155360.0,68.642
TUN,2018,3628.1036646423577,0.3124773204326629,11765514.0,155360.0,68.945
TUN,2019,3528.87213306798,0.3283649682998657,11875081.0,155360.0,69.254
TUN,2020,3548.653636638028,0.3276694118976593,11974057.0,155360.0,69.568
TUN,2021,3906.939263193908,0.3388664126396179,12048622.0,155360.0,69.888
TUR,2012,11713.284983113905,0.3339886665344238,75175827.0,769630.0,71.974
TUR,2013,12578.187863200044,0.3820177018642425,76147624.0,769630.0,72.531
TUR,2014,12165.22013503798,0.5161961317062378,77181884.0,769630.0,73.077
TUR,2015,11049.995110094244,0.5575469136238098,78218479.0,769630.0,73.611
TUR,2016,10970.045894886163,0.6006186604499817,79277962.0,769630.0,74.134
TUR,2017,10695.550196231012,0.7233572006225586,80312698.0,769630.0,74.644
TUR,2018,9568.835063302282,0.7318161129951477,81407204.0,769630.0,75.143
TUR,2019,9215.440498881144,0.8057740330696106,82579440.0,769630.0,75.63
TUR,2020,8638.739038481022,0.8358073234558105,83384680.0,769630.0,76.105
TUR,2021,9743.212778048552,0.8831075429916382,84147318.0,769630.0,76.569
TZA,2012,861.969909667969,0.0067596645094454,47374260.0,885800.0,29.493
TZA,2013,963.05712890625,0.0078417500481009,48824128.0,885800.0,30.196
TZA,2014,1022.74841308594,0.0082087265327572,50351512.0,885800.0,30.904
TZA,2015,939.127319335938,0.0091394307091832,52020962.0,885800.0,31.617
TZA,2016,953.0107421875,0.0096513992175459,53824013.0,885800.0,32.333
TZA,2017,986.674011230469,0.0121521223336458,55652890.0,885800.0,33.053
TZA,2018,1023.10626220703,0.0132614867761731,57437145.0,885800.0,33.776
TZA,2019,1063.32250976563,0.0140400994569063,59174891.0,885800.0,34.5
TZA,2020,1117.41528320313,0.015656316652894,60972798.0,885800.0,35.227
TZA,2021,1159.85656738281,0.0210360642522573,62830412.0,885800.0,35.954
UGA,2012,795.222867553127,0.0112501345574855,34337438.0,200520.0,20.424
UGA,2013,818.2854274167128,0.0137144802138209,35337042.0,200520.0,20.958
UGA,2014,896.0547955463935,0.0144621916115283,36395539.0,200520.0,21.504
UGA,2015,862.9346103558107,0.0141154332086443,37531446.0,200520.0,22.06
UGA,2016,752.6965717256556,0.014588807709515,38799152.0,200520.0,22.624
UGA,2017,765.2183322973606,0.0172962173819541,40177388.0,200520.0,23.196
UGA,2018,792.1657002281404,0.0194234922528266,41565831.0,200520.0,23.774
UGA,2019,822.1711501416511,0.0219300109893083,42999637.0,200520.0,24.361
UGA,2020,845.7664638500104,0.0240880269557237,44457152.0,200520.0,24.954
UGA,2021,882.791717442001,0.0267771612852811,45910930.0,200520.0,25.553
YEM,2012,1245.0506827158558,0.0845783054828643,28433647.0,527970.0,32.958
YEM,2013,1378.750029546106,0.0801387205719947,29312952.0,527970.0,33.559
YEM,2014,1430.1642096417968,0.0742446854710578,30226309.0,527970.0,34.165
YEM,2015,1362.1738120559298,0.0320164002478122,31159379.0,527970.0,34.777
YEM,2016,975.3594170032254,0.0226755887269973,32109010.0,527970.0,35.394
YEM,2017,811.165970405745,0.0299391858279705,33090921.0,527970.0,36.016
YEM,2018,633.887202450998,0.035017043352127,34085182.0,527970.0,36.642
ZAF,2012,8076.976784797406,0.0547772608697414,53782567.0,1213090.0,63.272
ZAF,2013,7331.654673849192,0.0598873905837535,54678791.0,1213090.0,63.793
ZAF,2014,6856.731370925222,0.0588971786201,55594838.0,1213090.0,64.312
ZAF,2015,6112.273824859742,0.059353020042181,56723537.0,1213090.0,64.828
ZAF,2016,5651.205851657492,0.0589846745133399,57259551.0,1213090.0,65.341
ZAF,2017,6618.335082557006,0.0633513256907463,57635162.0,1213090.0,65.85
ZAF,2018,6914.178031807599,0.0624903738498687,58613001.0,1213090.0,66.355
ZAF,2019,6533.711210328561,0.0624851882457733,59587885.0,1213090.0,66.856
ZAF,2020,5580.603830751887,0.0616726353764534,60562381.0,1213090.0,67.354
ZAF,2021,6843.399418862039,0.0605017431080341,61502603.0,1213090.0,67.847
ZMB,2012,1710.0506134372813,0.0141271715983748,14913629.0,743390.0,40.354
ZMB,2013,1820.718548273905,0.0156350824981927,15398997.0,743390.0,40.865
ZMB,2014,1707.485731366938,0.012257432565093,15895315.0,743390.0,41.382
ZMB,2015,1295.877886800678,0.0171254519373178,16399089.0,743390.0,41.907
ZMB,2016,1239.0852787771328,0.0175064075738191,16914423.0,743390.0,42.438
ZMB,2017,1483.4657732806522,0.0199483148753643,17441320.0,743390.0,42.976
ZMB,2018,1463.8999785559306,0.0189438704401254,17973569.0,743390.0,43.521
ZMB,2019,1258.9861984446204,0.0175142996013164,18513839.0,743390.0,44.072
ZMB,2020,951.6443166559574,0.0147615130990743,19059395.0,743390.0,44.629
ZMB,2021,1127.1607787285725,0.0185111295431852,19603607.0,743390.0,45.192
ZWE,2012,1238.5947948143332,0.0193179566413164,13817887.0,386850.0,32.834
ZWE,2013,1362.2995293239594,0.0197984520345926,14013808.0,386850.0,32.654
ZWE,2014,1372.214746103728,0.0146849006414413,14207359.0,386850.0,32.504
ZWE,2015,1386.4185592757474,0.0184545964002609,14399013.0,386850.0,32.385
ZWE,2016,1407.4209641321224,0.0180157423019409,14600294.0,386850.0,32.296
ZWE,2017,3448.0869906882385,0.0195585582405328,14812482.0,386850.0,32.237
ZWE,2018,2271.8525036581664,0.0189472399652004,15034452.0,386850.0,32.209
ZWE,2019,1683.9131358414124,0.018298776820302,15271368.0,386850.0,32.21
ZWE,2020,1730.4539103470076,0.0170899964869022,15526888.0,386850.0,32.242
ZWE,2021,1724.3872710227245,0.0206738580018281,15797210.0,386850.0,32.303
