country,year,urban_pop_rate
AFG,2012,24.16
AGO,2012,61.268
ALB,2012,54.33
ARE,2012,84.749
ARM,2012,63.24
AUT,2012,57.147
BDI,2012,11.194
BEL,2012,97.744
BEN,2012,44.125
BFA,2012,25.767
BGD,2012,31.993
BGR,2012,72.975
BHR,2012,88.762
BWA,2012,64.768
CAF,2012,39.388
CHE,2012,73.653
CHN,2012,51.765
CIV,2012,48.172
CMR,2012,52.769
COD,2012,41.082
COG,2012,64.169
COM,2012,28.123
CZE,2012,73.197
DEU,2012,77.17
DJI,2012,77.138
DNK,2012,87.142
DZA,2012,68.915
EGY,2012,42.946
ERI,2012,36.372
ESP,2012,78.902
EST,2012,67.974
ETH,2012,18.16
FIN,2012,84.841
FRA,2012,78.878
GAB,2012,86.634
GBR,2012,81.837
GHA,2012,52.073
GIN,2012,34.255
GMB,2012,57.105
GNB,2012,40.908
GNQ,2012,69.0
GRC,2012,77.004
HRV,2012,55.506
HUN,2012,69.678
IDN,2012,51.276
IND,2012,31.634
IRL,2012,61.942
IRN,2012,71.755
IRQ,2012,69.432
ITA,2012,68.684
JOR,2012,88.185
JPN,2012,91.148
KAZ,2012,56.973
KEN,2012,24.376
KGZ,2012,35.423
KHM,2012,21.037
KOR,2012,81.851
KWT,2012,100.0
LAO,2012,31.264
LBN,2012,87.636
LBR,2012,48.583
LBY,2012,78.512
LKA,2012,18.196
LSO,2012,25.704
LTU,2012,66.864
LVA,2012,67.897
MAR,2012,59.142
MDG,2012,33.227
MLI,2012,37.599
MMR,2012,29.266
MNG,2012,68.03
MOZ,2012,32.846
MRT,2012,48.4
MUS,2012,41.332
MWI,2012,15.812
MYS,2012,72.275
NAM,2012,43.693
NER,2012,16.212
NGA,2012,45.246
NLD,2012,88.588
NOR,2012,79.874
NPL,2012,17.458
OMN,2012,77.564
PAK,2012,35.408
PHL,2012,45.712
POL,2012,60.654
PRT,2012,61.763
QAT,2012,98.697
ROU,2012,53.974
RWA,2012,16.943
SAU,2012,82.52
SDN,2012,33.346
SEN,2012,44.603
SGP,2012,100.0
SLE,2012,39.642
SOM,2012,41.558
SSD,2012,18.217
SWE,2012,85.62
SWZ,2012,22.849
SYR,2012,53.555
TCD,2012,22.142
TGO,2012,38.546
THA,2012,45.445
TJK,2012,26.545
TKM,2012,49.175
TUN,2012,67.218
TUR,2012,71.974
TZA,2012,29.493
UGA,2012,20.424
UZB,2012,51.05
VNM,2012,31.752
YEM,2012,32.958
ZAF,2012,63.272
ZMB,2012,40.354
ZWE,2012,32.834
AFG,2013,24.373
AGO,2013,62.002
ALB,2013,55.387
ARE,2013,85.066
ARM,2013,63.164
AUT,2013,57.336
BDI,2013,11.482
BEL,2013,97.789
BEN,2013,44.642
BFA,2013,26.346
BGD,2013,32.762
BGR,2013,73.313
BHR,2013,88.835
BWA,2013,65.572
CAF,2013,39.663
CHE,2013,73.674
CHN,2013,53.013
CIV,2013,48.593
CMR,2013,53.373
COD,2013,41.627
COG,2013,64.627
COM,2013,28.223
CZE,2013,73.29
DEU,2013,77.18
DJI,2013,77.222
DNK,2013,87.292
DZA,2013,69.576
EGY,2013,42.893
ERI,2013,36.979
ESP,2013,79.133
EST,2013,68.122
ETH,2013,18.575
FIN,2013,85.125
FRA,2013,79.135
GAB,2013,87.156
GBR,2013,82.102
GHA,2013,52.748
GIN,2013,34.545
GMB,2013,57.82
GNB,2013,41.31
GNQ,2013,69.544
GRC,2013,77.355
HRV,2013,55.706
HUN,2013,69.953
IDN,2013,51.955
IND,2013,32.003
IRL,2013,62.141
IRN,2013,72.295
IRQ,2013,69.595
ITA,2013,68.979
JOR,2013,89.125
JPN,2013,91.226
KAZ,2013,57.046
KEN,2013,24.794
KGZ,2013,35.517
KHM,2013,21.415
KOR,2013,81.779
KWT,2013,100.0
LAO,2013,31.872
LBN,2013,87.79
LBR,2013,48.985
LBY,2013,78.756
LKA,2013,18.198
LSO,2013,26.101
LTU,2013,66.986
LVA,2013,67.925
MAR,2013,59.7
MDG,2013,33.878
MLI,2013,38.398
MMR,2013,29.457
MNG,2013,68.097
MOZ,2013,33.36
MRT,2013,49.306
MUS,2013,41.222
MWI,2013,15.966
MYS,2013,72.93
NAM,2013,44.756
NER,2013,16.208
NGA,2013,46.118
NLD,2013,89.187
NOR,2013,80.286
NPL,2013,17.815
OMN,2013,78.882
PAK,2013,35.613
PHL,2013,45.903
POL,2013,60.529
PRT,2013,62.352
QAT,2013,98.785
ROU,2013,53.937
RWA,2013,16.947
SAU,2013,82.74
SDN,2013,33.507
SEN,2013,45.019
SGP,2013,100.0
SLE,2013,40.036
SOM,2013,42.117
SSD,2013,18.415
SWE,2013,85.936
SWZ,2013,22.999
SYR,2013,52.529
TCD,2013,22.248
TGO,2013,39.061
THA,2013,46.193
TJK,2013,26.589
TKM,2013,49.541
TUN,2013,67.495
TUR,2013,72.531
TZA,2013,30.196
UGA,2013,20.958
UZB,2013,50.95
VNM,2013,32.429
YEM,2013,33.559
ZAF,2013,63.793
ZMB,2013,40.865
ZWE,2013,32.654
AFG,2014,24.587
AGO,2014,62.731
ALB,2014,56.423
ARE,2014,85.375
ARM,2014,63.112
AUT,2014,57.526
BDI,2014,11.776
BEL,2014,97.833
BEN,2014,45.166
BFA,2014,26.934
BGD,2014,33.535
BGR,2014,73.651
BHR,2014,88.915
BWA,2014,66.368
CAF,2014,39.959
CHE,2014,73.696
CHN,2014,54.259
CIV,2014,49.014
CMR,2014,53.976
COD,2014,42.18
COG,2014,65.085
COM,2014,28.338
CZE,2014,73.384
DEU,2014,77.19
DJI,2014,77.314
DNK,2014,87.41
DZA,2014,70.221
EGY,2014,42.839
ERI,2014,37.59
ESP,2014,79.366
EST,2014,68.269
ETH,2014,18.998
FIN,2014,85.175
FRA,2014,79.394
GAB,2014,87.651
GBR,2014,82.365
GHA,2014,53.419
GIN,2014,34.836
GMB,2014,58.528
GNB,2014,41.715
GNQ,2014,70.083
GRC,2014,77.702
HRV,2014,55.923
HUN,2014,70.227
IDN,2014,52.635
IND,2014,32.384
IRL,2014,62.34
IRN,2014,72.83
IRQ,2014,69.758
ITA,2014,69.272
JOR,2014,90.0
JPN,2014,91.304
KAZ,2014,57.118
KEN,2014,25.221
KGZ,2014,35.635
KHM,2014,21.799
KOR,2014,81.707
KWT,2014,100.0
LAO,2014,32.487
LBN,2014,87.947
LBR,2014,49.397
LBY,2014,79.009
LKA,2014,18.218
LSO,2014,26.502
LTU,2014,67.108
LVA,2014,67.952
MAR,2014,60.256
MDG,2014,34.534
MLI,2014,39.196
MMR,2014,29.65
MNG,2014,68.163
MOZ,2014,33.878
MRT,2014,50.203
MUS,2014,41.111
MWI,2014,16.132
MYS,2014,73.577
NAM,2014,45.826
NER,2014,16.219
NGA,2014,46.982
NLD,2014,89.69
NOR,2014,80.692
NPL,2014,18.182
OMN,2014,80.145
PAK,2014,35.819
PHL,2014,46.093
POL,2014,60.403
PRT,2014,62.936
QAT,2014,98.868
ROU,2014,53.9
RWA,2014,16.967
SAU,2014,82.96
SDN,2014,33.689
SEN,2014,45.436
SGP,2014,100.0
SLE,2014,40.432
SOM,2014,42.679
SSD,2014,18.626
SWE,2014,86.247
SWZ,2014,23.149
SYR,2014,51.5
TCD,2014,22.372
TGO,2014,39.579
THA,2014,46.943
TJK,2014,26.655
TKM,2014,49.921
TUN,2014,67.772
TUR,2014,73.077
TZA,2014,30.904
UGA,2014,21.504
UZB,2014,50.85
VNM,2014,33.115
YEM,2014,34.165
ZAF,2014,64.312
ZMB,2014,41.382
ZWE,2014,32.504
AFG,2015,24.803
AGO,2015,63.446
ALB,2015,57.434
ARE,2015,85.674
ARM,2015,63.085
AUT,2015,57.715
BDI,2015,12.078
BEL,2015,97.876
BEN,2015,45.695
BFA,2015,27.53
BGD,2015,34.308
BGR,2015,73.99
BHR,2015,88.999
BWA,2015,67.155
CAF,2015,40.277
CHE,2015,73.718
CHN,2015,55.5
CIV,2015,49.444
CMR,2015,54.578
COD,2015,42.74
COG,2015,65.543
COM,2015,28.47
CZE,2015,73.477
DEU,2015,77.2
DJI,2015,77.417
DNK,2015,87.526
DZA,2015,70.848
EGY,2015,42.785
ERI,2015,38.206
ESP,2015,79.602
EST,2015,68.416
ETH,2015,19.428
FIN,2015,85.225
FRA,2015,79.655
GAB,2015,88.118
GBR,2015,82.626
GHA,2015,54.086
GIN,2015,35.141
GMB,2015,59.228
GNB,2015,42.123
GNQ,2015,70.616
GRC,2015,78.046
HRV,2015,56.155
HUN,2015,70.5
IDN,2015,53.313
IND,2015,32.777
IRL,2015,62.538
IRN,2015,73.358
IRQ,2015,69.921
ITA,2015,69.565
JOR,2015,90.256
JPN,2015,91.381
KAZ,2015,57.191
KEN,2015,25.658
KGZ,2015,35.777
KHM,2015,22.188
KOR,2015,81.634
KWT,2015,100.0
LAO,2015,33.108
LBN,2015,88.106
LBR,2015,49.82
LBY,2015,79.27
LKA,2015,18.256
LSO,2015,26.908
LTU,2015,67.23
LVA,2015,67.98
MAR,2015,60.809
MDG,2015,35.193
MLI,2015,39.991
MMR,2015,29.858
MNG,2015,68.23
MOZ,2015,34.4
MRT,2015,51.089
MUS,2015,41.0
MWI,2015,16.313
MYS,2015,74.213
NAM,2015,46.9
NER,2015,16.247
NGA,2015,47.838
NLD,2015,90.173
NOR,2015,81.091
NPL,2015,18.557
OMN,2015,81.35
PAK,2015,36.026
PHL,2015,46.284
POL,2015,60.278
PRT,2015,63.514
QAT,2015,98.945
ROU,2015,53.887
RWA,2015,17.004
SAU,2015,83.18
SDN,2015,33.894
SEN,2015,45.862
SGP,2015,100.0
SLE,2015,40.829
SOM,2015,43.245
SSD,2015,18.852
SWE,2015,86.553
SWZ,2015,23.3
SYR,2015,52.168
TCD,2015,22.515
TGO,2015,40.1
THA,2015,47.694
TJK,2015,26.742
TKM,2015,50.317
TUN,2015,68.056
TUR,2015,73.611
TZA,2015,31.617
UGA,2015,22.06
UZB,2015,50.75
VNM,2015,33.809
YEM,2015,34.777
ZAF,2015,64.828
ZMB,2015,41.907
ZWE,2015,32.385
AFG,2016,25.02
AGO,2016,64.149
ALB,2016,58.421
ARE,2016,85.965
ARM,2016,63.082
AUT,2016,57.905
BDI,2016,12.388
BEL,2016,97.919
BEN,2016,46.229
BFA,2016,28.134
BGD,2016,35.083
BGR,2016,74.329
BHR,2016,89.09
BWA,2016,67.933
CAF,2016,40.618
CHE,2016,73.739
CHN,2016,56.736
CIV,2016,49.881
CMR,2016,55.179
COD,2016,43.307
COG,2016,66.001
COM,2016,28.619
CZE,2016,73.57
DEU,2016,77.224
DJI,2016,77.528
DNK,2016,87.642
DZA,2016,71.459
EGY,2016,42.732
ERI,2016,38.827
ESP,2016,79.84
EST,2016,68.563
ETH,2016,19.866
FIN,2016,85.275
FRA,2016,79.917
GAB,2016,88.559
GBR,2016,82.886
GHA,2016,54.749
GIN,2016,35.46
GMB,2016,59.918
GNB,2016,42.533
GNQ,2016,71.138
GRC,2016,78.387
HRV,2016,56.403
HUN,2016,70.779
IDN,2016,53.989
IND,2016,33.182
IRL,2016,62.737
IRN,2016,73.88
IRQ,2016,70.094
ITA,2016,69.855
JOR,2016,90.506
JPN,2016,91.457
KAZ,2016,57.264
KEN,2016,26.105
KGZ,2016,35.944
KHM,2016,22.582
KOR,2016,81.562
KWT,2016,100.0
LAO,2016,33.736
LBN,2016,88.266
LBR,2016,50.254
LBY,2016,79.54
LKA,2016,18.311
LSO,2016,27.317
LTU,2016,67.366
LVA,2016,68.021
MAR,2016,61.36
MDG,2016,35.856
MLI,2016,40.783
MMR,2016,30.082
MNG,2016,68.297
MOZ,2016,34.926
MRT,2016,51.962
MUS,2016,40.91
MWI,2016,16.506
MYS,2016,74.84
NAM,2016,47.961
NER,2016,16.29
NGA,2016,48.683
NLD,2016,90.635
NOR,2016,81.485
NPL,2016,18.942
OMN,2016,82.5
PAK,2016,36.234
PHL,2016,46.475
POL,2016,60.178
PRT,2016,64.086
QAT,2016,99.015
ROU,2016,53.9
RWA,2016,17.056
SAU,2016,83.401
SDN,2016,34.121
SEN,2016,46.296
SGP,2016,100.0
SLE,2016,41.228
SOM,2016,43.816
SSD,2016,19.092
SWE,2016,86.852
SWZ,2016,23.459
SYR,2016,52.835
TCD,2016,22.677
TGO,2016,40.628
THA,2016,48.448
TJK,2016,26.851
TKM,2016,50.728
TUN,2016,68.346
TUR,2016,74.134
TZA,2016,32.333
UGA,2016,22.624
UZB,2016,50.65
VNM,2016,34.51
YEM,2016,35.394
ZAF,2016,65.341
ZMB,2016,42.438
ZWE,2016,32.296
AFG,2017,25.25
AGO,2017,64.839
ALB,2017,59.383
ARE,2017,86.248
ARM,2017,63.103
AUT,2017,58.094
BDI,2017,12.706
BEL,2017,97.961
BEN,2017,46.768
BFA,2017,28.743
BGD,2017,35.858
BGR,2017,74.669
BHR,2017,89.186
BWA,2017,68.7
CAF,2017,40.98
CHE,2017,73.761
CHN,2017,57.96
CIV,2017,50.326
CMR,2017,55.777
COD,2017,43.88
COG,2017,66.459
COM,2017,28.784
CZE,2017,73.675
DEU,2017,77.261
DJI,2017,77.648
DNK,2017,87.757
DZA,2017,72.052
EGY,2017,42.705
ERI,2017,39.451
ESP,2017,80.08
EST,2017,68.717
ETH,2017,20.31
FIN,2017,85.325
FRA,2017,80.18
GAB,2017,88.976
GBR,2017,83.143
GHA,2017,55.407
GIN,2017,35.793
GMB,2017,60.599
GNB,2017,42.945
GNQ,2017,71.646
GRC,2017,78.724
HRV,2017,56.667
HUN,2017,71.062
IDN,2017,54.659
IND,2017,33.6
IRL,2017,62.947
IRN,2017,74.394
IRQ,2017,70.278
ITA,2017,70.144
JOR,2017,90.747
JPN,2017,91.535
KAZ,2017,57.336
KEN,2017,26.562
KGZ,2017,36.135
KHM,2017,22.98
KOR,2017,81.503
KWT,2017,100.0
LAO,2017,34.368
LBN,2017,88.429
LBR,2017,50.697
LBY,2017,79.817
LKA,2017,18.384
LSO,2017,27.73
LTU,2017,67.516
LVA,2017,68.075
MAR,2017,61.908
MDG,2017,36.522
MLI,2017,41.572
MMR,2017,30.322
MNG,2017,68.363
MOZ,2017,35.455
MRT,2017,52.824
MUS,2017,40.841
MWI,2017,16.714
MYS,2017,75.447
NAM,2017,49.005
NER,2017,16.35
NGA,2017,49.519
NLD,2017,91.077
NOR,2017,81.871
NPL,2017,19.336
OMN,2017,83.56
PAK,2017,36.442
PHL,2017,46.682
POL,2017,60.105
PRT,2017,64.652
QAT,2017,99.078
ROU,2017,53.936
RWA,2017,17.125
SAU,2017,83.622
SDN,2017,34.37
SEN,2017,46.74
SGP,2017,100.0
SLE,2017,41.636
SOM,2017,44.391
SSD,2017,19.346
SWE,2017,87.146
SWZ,2017,23.625
SYR,2017,53.5
TCD,2017,22.858
TGO,2017,41.162
THA,2017,49.2
TJK,2017,26.982
TKM,2017,51.153
TUN,2017,68.642
TUR,2017,74.644
TZA,2017,33.053
UGA,2017,23.196
UZB,2017,50.55
VNM,2017,35.213
YEM,2017,36.016
ZAF,2017,65.85
ZMB,2017,42.976
ZWE,2017,32.237
AFG,2018,25.495
AGO,2018,65.514
ALB,2018,60.319
ARE,2018,86.522
ARM,2018,63.149
AUT,2018,58.297
BDI,2018,13.032
BEL,2018,98.001
BEN,2018,47.312
BFA,2018,29.358
BGD,2018,36.632
BGR,2018,75.008
BHR,2018,89.287
BWA,2018,69.446
CAF,2018,41.364
CHE,2018,73.797
CHN,2018,59.152
CIV,2018,50.779
CMR,2018,56.374
COD,2018,44.46
COG,2018,66.916
COM,2018,28.965
CZE,2018,73.792
DEU,2018,77.312
DJI,2018,77.777
DNK,2018,87.874
DZA,2018,72.629
EGY,2018,42.704
ERI,2018,40.08
ESP,2018,80.321
EST,2018,68.88
ETH,2018,20.763
FIN,2018,85.382
FRA,2018,80.444
GAB,2018,89.37
GBR,2018,83.398
GHA,2018,56.06
GIN,2018,36.14
GMB,2018,61.27
GNB,2018,43.36
GNQ,2018,72.143
GRC,2018,79.058
HRV,2018,56.947
HUN,2018,71.351
IDN,2018,55.325
IND,2018,34.03
IRL,2018,63.17
IRN,2018,74.898
IRQ,2018,70.473
ITA,2018,70.438
JOR,2018,90.979
JPN,2018,91.616
KAZ,2018,57.428
KEN,2018,27.03
KGZ,2018,36.351
KHM,2018,23.388
KOR,2018,81.459
KWT,2018,100.0
LAO,2018,35.004
LBN,2018,88.593
LBR,2018,51.151
LBY,2018,80.102
LKA,2018,18.476
LSO,2018,28.153
LTU,2018,67.679
LVA,2018,68.142
MAR,2018,62.453
MDG,2018,37.191
MLI,2018,42.356
MMR,2018,30.579
MNG,2018,68.445
MOZ,2018,35.988
MRT,2018,53.672
MUS,2018,40.793
MWI,2018,16.937
MYS,2018,76.036
NAM,2018,50.032
NER,2018,16.425
NGA,2018,50.344
NLD,2018,91.49
NOR,2018,82.248
NPL,2018,19.74
OMN,2018,84.539
PAK,2018,36.666
PHL,2018,46.907
POL,2018,60.058
PRT,2018,65.211
QAT,2018,99.135
ROU,2018,53.998
RWA,2018,17.211
SAU,2018,83.844
SDN,2018,34.642
SEN,2018,47.192
SGP,2018,100.0
SLE,2018,42.055
SOM,2018,44.971
SSD,2018,19.615
SWE,2018,87.431
SWZ,2018,23.799
SYR,2018,54.162
TCD,2018,23.059
TGO,2018,41.702
THA,2018,49.949
TJK,2018,27.134
TKM,2018,51.593
TUN,2018,68.945
TUR,2018,75.143
TZA,2018,33.776
UGA,2018,23.774
UZB,2018,50.478
VNM,2018,35.919
YEM,2018,36.642
ZAF,2018,66.355
ZMB,2018,43.521
ZWE,2018,32.209
AFG,2019,25.754
AGO,2019,66.177
ALB,2019,61.229
ARE,2019,86.789
ARM,2019,63.219
AUT,2019,58.515
BDI,2019,13.366
BEL,2019,98.041
BEN,2019,47.861
BFA,2019,29.98
BGD,2019,37.405
BGR,2019,75.347
BHR,2019,89.394
BWA,2019,70.172
CAF,2019,41.77
CHE,2019,73.849
CHN,2019,60.308
CIV,2019,51.239
CMR,2019,56.968
COD,2019,45.046
COG,2019,67.373
COM,2019,29.164
CZE,2019,73.921
DEU,2019,77.376
DJI,2019,77.915
DNK,2019,87.994
DZA,2019,73.189
EGY,2019,42.73
ERI,2019,40.712
ESP,2019,80.565
EST,2019,69.051
ETH,2019,21.225
FIN,2019,85.446
FRA,2019,80.709
GAB,2019,89.741
GBR,2019,83.652
GHA,2019,56.707
GIN,2019,36.5
GMB,2019,61.931
GNB,2019,43.777
GNQ,2019,72.627
GRC,2019,79.388
HRV,2019,57.242
HUN,2019,71.644
IDN,2019,55.985
IND,2019,34.472
IRL,2019,63.405
IRN,2019,75.391
IRQ,2019,70.678
ITA,2019,70.736
JOR,2019,91.203
JPN,2019,91.698
KAZ,2019,57.54
KEN,2019,27.507
KGZ,2019,36.591
KHM,2019,23.805
KOR,2019,81.43
KWT,2019,100.0
LAO,2019,35.645
LBN,2019,88.758
LBR,2019,51.615
LBY,2019,80.393
LKA,2019,18.585
LSO,2019,28.585
LTU,2019,67.855
LVA,2019,68.222
MAR,2019,62.994
MDG,2019,37.861
MLI,2019,43.136
MMR,2019,30.852
MNG,2019,68.543
MOZ,2019,36.528
MRT,2019,54.507
MUS,2019,40.766
MWI,2019,17.174
MYS,2019,76.607
NAM,2019,51.042
NER,2019,16.517
NGA,2019,51.157
NLD,2019,91.876
NOR,2019,82.616
NPL,2019,20.153
OMN,2019,85.443
PAK,2019,36.907
PHL,2019,47.149
POL,2019,60.037
PRT,2019,65.764
QAT,2019,99.188
ROU,2019,54.084
RWA,2019,17.313
SAU,2019,84.065
SDN,2019,34.936
SEN,2019,47.653
SGP,2019,100.0
SLE,2019,42.484
SOM,2019,45.554
SSD,2019,19.899
SWE,2019,87.708
SWZ,2019,23.981
SYR,2019,54.821
TCD,2019,23.279
TGO,2019,42.248
THA,2019,50.692
TJK,2019,27.309
TKM,2019,52.048
TUN,2019,69.254
TUR,2019,75.63
TZA,2019,34.5
UGA,2019,24.361
UZB,2019,50.433
VNM,2019,36.628
YEM,2019,37.273
ZAF,2019,66.856
ZMB,2019,44.072
ZWE,2019,32.21
AFG,2020,26.026
AGO,2020,66.825
ALB,2020,62.112
ARE,2020,87.048
ARM,2020,63.313
AUT,2020,58.748
BDI,2020,13.708
BEL,2020,98.079
BEN,2020,48.415
BFA,2020,30.607
BGD,2020,38.177
BGR,2020,75.686
BHR,2020,89.506
BWA,2020,70.877
CAF,2020,42.198
CHE,2020,73.915
CHN,2020,61.428
CIV,2020,51.706
CMR,2020,57.56
COD,2020,45.638
COG,2020,67.829
COM,2020,29.38
CZE,2020,74.061
DEU,2020,77.453
DJI,2020,78.062
DNK,2020,88.116
DZA,2020,73.733
EGY,2020,42.783
ERI,2020,41.347
ESP,2020,80.81
EST,2020,69.229
ETH,2020,21.695
FIN,2020,85.517
FRA,2020,80.975
GAB,2020,90.092
GBR,2020,83.903
GHA,2020,57.349
GIN,2020,36.875
GMB,2020,62.582
GNB,2020,44.196
GNQ,2020,73.1
GRC,2020,79.715
HRV,2020,57.553
HUN,2020,71.942
IDN,2020,56.641
IND,2020,34.926
IRL,2020,63.653
IRN,2020,75.874
IRQ,2020,70.893
ITA,2020,71.039
JOR,2020,91.418
JPN,2020,91.782
KAZ,2020,57.671
KEN,2020,27.995
KGZ,2020,36.856
KHM,2020,24.232
KOR,2020,81.414
KWT,2020,100.0
LAO,2020,36.29
LBN,2020,88.925
LBR,2020,52.089
LBY,2020,80.691
LKA,2020,18.713
LSO,2020,29.028
LTU,2020,68.046
LVA,2020,68.315
MAR,2020,63.532
MDG,2020,38.534
MLI,2020,43.909
MMR,2020,31.141
MNG,2020,68.657
MOZ,2020,37.074
MRT,2020,55.327
MUS,2020,40.76
MWI,2020,17.427
MYS,2020,77.16
NAM,2020,52.033
NER,2020,16.626
NGA,2020,51.958
NLD,2020,92.236
NOR,2020,82.974
NPL,2020,20.576
OMN,2020,86.276
PAK,2020,37.165
PHL,2020,47.408
POL,2020,60.043
PRT,2020,66.31
QAT,2020,99.235
ROU,2020,54.194
RWA,2020,17.432
SAU,2020,84.287
SDN,2020,35.253
SEN,2020,48.122
SGP,2020,100.0
SLE,2020,42.923
SOM,2020,46.141
SSD,2020,20.199
SWE,2020,87.977
SWZ,2020,24.171
SYR,2020,55.475
TCD,2020,23.52
TGO,2020,42.8
THA,2020,51.43
TJK,2020,27.506
TKM,2020,52.516
TUN,2020,69.568
TUR,2020,76.105
TZA,2020,35.227
UGA,2020,24.954
UZB,2020,50.416
VNM,2020,37.34
YEM,2020,37.908
ZAF,2020,67.354
ZMB,2020,44.629
ZWE,2020,32.242
AFG,2021,26.314
AGO,2021,67.46
ALB,2021,62.969
ARE,2021,87.299
ARM,2021,63.431
AUT,2021,58.995
BDI,2021,14.058
BEL,2021,98.117
BEN,2021,48.972
BFA,2021,31.24
BGD,2021,38.946
BGR,2021,76.025
BHR,2021,89.622
BWA,2021,71.56
CAF,2021,42.648
CHE,2021,73.996
CHN,2021,62.512
CIV,2021,52.18
CMR,2021,58.148
COD,2021,46.235
COG,2021,68.283
COM,2021,29.613
CZE,2021,74.214
DEU,2021,77.544
DJI,2021,78.217
DNK,2021,88.24
DZA,2021,74.261
EGY,2021,42.862
ERI,2021,41.985
ESP,2021,81.056
EST,2021,69.415
ETH,2021,22.174
FIN,2021,85.596
FRA,2021,81.242
GAB,2021,90.423
GBR,2021,84.152
GHA,2021,57.985
GIN,2021,37.264
GMB,2021,63.222
GNB,2021,44.617
GNQ,2021,73.561
GRC,2021,80.038
HRV,2021,57.878
HUN,2021,72.245
IDN,2021,57.29
IND,2021,35.393
IRL,2021,63.912
IRN,2021,76.345
IRQ,2021,71.119
ITA,2021,71.346
JOR,2021,91.626
JPN,2021,91.867
KAZ,2021,57.821
KEN,2021,28.493
KGZ,2021,37.146
KHM,2021,24.668
KOR,2021,81.414
KWT,2021,100.0
LAO,2021,36.939
LBN,2021,89.093
LBR,2021,52.573
LBY,2021,80.994
LKA,2021,18.86
LSO,2021,29.48
LTU,2021,68.249
LVA,2021,68.421
MAR,2021,64.065
MDG,2021,39.207
MLI,2021,44.677
MMR,2021,31.448
MNG,2021,68.785
MOZ,2021,37.628
MRT,2021,56.133
MUS,2021,40.775
MWI,2021,17.695
MYS,2021,77.696
NAM,2021,53.005
NER,2021,16.751
NGA,2021,52.746
NLD,2021,92.572
NOR,2021,83.323
NPL,2021,21.008
OMN,2021,87.044
PAK,2021,37.44
PHL,2021,47.684
POL,2021,60.075
PRT,2021,66.849
QAT,2021,99.278
ROU,2021,54.329
RWA,2021,17.568
SAU,2021,84.508
SDN,2021,35.593
SEN,2021,48.6
SGP,2021,100.0
SLE,2021,43.372
SOM,2021,46.731
SSD,2021,20.514
SWE,2021,88.238
SWZ,2021,24.369
SYR,2021,56.124
TCD,2021,23.781
TGO,2021,43.358
THA,2021,52.163
TJK,2021,27.726
TKM,2021,52.998
TUN,2021,69.888
TUR,2021,76.569
TZA,2021,35.954
UGA,2021,25.553
UZB,2021,50.427
VNM,2021,38.052
YEM,2021,38.546
ZAF,2021,67.847
ZMB,2021,45.192
ZWE,2021,32.303
AFG,2022,26.616
AGO,2022,68.081
ALB,2022,63.799
ARE,2022,87.543
ARM,2022,63.573
AUT,2022,59.256
BDI,2022,14.417
BEL,2022,98.153
BEN,2022,49.534
BFA,2022,31.877
BGD,2022,39.711
BGR,2022,76.363
BHR,2022,89.743
BWA,2022,72.224
CAF,2022,43.12
CHE,2022,74.092
CHN,2022,63.56
CIV,2022,52.661
CMR,2022,58.733
COD,2022,46.837
COG,2022,68.736
COM,2022,29.864
CZE,2022,74.377
DEU,2022,77.648
DJI,2022,78.38
DNK,2022,88.367
DZA,2022,74.772
EGY,2022,42.967
ERI,2022,42.625
ESP,2022,81.304
EST,2022,69.609
ETH,2022,22.661
FIN,2022,85.681
FRA,2022,81.509
GAB,2022,90.735
GBR,2022,84.398
GHA,2022,58.615
GIN,2022,37.668
GMB,2022,63.852
GNB,2022,45.041
GNQ,2022,74.01
GRC,2022,80.357
HRV,2022,58.219
HUN,2022,72.552
IDN,2022,57.934
IND,2022,35.872
IRL,2022,64.183
IRN,2022,76.807
IRQ,2022,71.354
ITA,2022,71.657
JOR,2022,91.827
JPN,2022,91.955
KAZ,2022,57.99
KEN,2022,29.002
KGZ,2022,37.461
KHM,2022,25.114
KOR,2022,81.427
KWT,2022,100.0
LAO,2022,37.592
LBN,2022,89.262
LBR,2022,53.065
LBY,2022,81.302
LKA,2022,19.026
LSO,2022,29.943
LTU,2022,68.465
LVA,2022,68.54
MAR,2022,64.596
MDG,2022,39.882
MLI,2022,45.437
MMR,2022,31.771
MNG,2022,68.93
MOZ,2022,38.187
MRT,2022,56.923
MUS,2022,40.81
MWI,2022,17.98
MYS,2022,78.214
NAM,2022,53.956
NER,2022,16.894
NGA,2022,53.521
NLD,2022,92.886
NOR,2022,83.664
NPL,2022,21.451
OMN,2022,87.75
PAK,2022,37.731
PHL,2022,47.977
POL,2022,60.134
PRT,2022,67.381
QAT,2022,99.318
ROU,2022,54.489
RWA,2022,17.721
SAU,2022,84.729
SDN,2022,35.956
SEN,2022,49.086
SGP,2022,100.0
SLE,2022,43.831
SOM,2022,47.324
SSD,2022,20.846
SWE,2022,88.492
SWZ,2022,24.576
SYR,2022,56.769
TCD,2022,24.063
TGO,2022,43.921
THA,2022,52.889
TJK,2022,27.968
TKM,2022,53.494
TUN,2022,70.214
TUR,2022,77.022
TZA,2022,36.682
UGA,2022,26.159
UZB,2022,50.466
VNM,2022,38.766
YEM,2022,39.188
ZAF,2022,68.335
ZMB,2022,45.761
ZWE,2022,32.395
AFG,2023,26.933
AGO,2023,68.688
ALB,2023,64.603
ARE,2023,87.779
ARM,2023,63.739
AUT,2023,59.53
BDI,2023,14.784
BEL,2023,98.189
BEN,2023,50.1
BFA,2023,32.52
BGD,2023,40.473
BGR,2023,76.701
BHR,2023,89.869
BWA,2023,72.867
CAF,2023,43.614
CHE,2023,74.202
CHN,2023,64.57
CIV,2023,53.149
CMR,2023,59.315
COD,2023,47.444
COG,2023,69.188
COM,2023,30.132
CZE,2023,74.552
DEU,2023,77.765
DJI,2023,78.552
DNK,2023,88.495
DZA,2023,75.268
EGY,2023,43.1
ERI,2023,43.267
ESP,2023,81.552
EST,2023,69.81
ETH,2023,23.157
FIN,2023,85.773
FRA,2023,81.777
GAB,2023,91.029
GBR,2023,84.642
GHA,2023,59.238
GIN,2023,38.085
GMB,2023,64.472
GNB,2023,45.466
GNQ,2023,74.448
GRC,2023,80.673
HRV,2023,58.575
HUN,2023,72.864
IDN,2023,58.572
IND,2023,36.364
IRL,2023,64.466
IRN,2023,77.257
IRQ,2023,71.599
ITA,2023,71.973
JOR,2023,92.02
JPN,2023,92.043
KAZ,2023,58.179
KEN,2023,29.52
KGZ,2023,37.801
KHM,2023,25.57
KOR,2023,81.456
KWT,2023,100.0
LAO,2023,38.247
LBN,2023,89.432
LBR,2023,53.567
LBY,2023,81.606
LKA,2023,19.211
LSO,2023,30.415
LTU,2023,68.694
LVA,2023,68.671
MAR,2023,65.121
MDG,2023,40.556
MLI,2023,46.189
MMR,2023,32.112
MNG,2023,69.089
MOZ,2023,38.753
MRT,2023,57.699
MUS,2023,40.867
MWI,2023,18.28
MYS,2023,78.716
NAM,2023,54.886
NER,2023,17.054
NGA,2023,54.283
NLD,2023,93.179
NOR,2023,83.995
NPL,2023,21.903
OMN,2023,88.4
PAK,2023,38.04
PHL,2023,48.287
POL,2023,60.218
PRT,2023,67.906
QAT,2023,99.354
ROU,2023,54.672
RWA,2023,17.892
SAU,2023,84.95
SDN,2023,36.342
SEN,2023,49.579
SGP,2023,100.0
SLE,2023,44.3
SOM,2023,47.92
SSD,2023,21.195
SWE,2023,88.738
SWZ,2023,24.79
SYR,2023,57.409
TCD,2023,24.366
TGO,2023,44.49
THA,2023,53.608
TJK,2023,28.234
TKM,2023,54.003
TUN,2023,70.544
TUR,2023,77.463
TZA,2023,37.409
UGA,2023,26.771
UZB,2023,50.532
VNM,2023,39.48
YEM,2023,39.831
ZAF,2023,68.819
ZMB,2023,46.335
ZWE,2023,32.517
AFG,2024,27.265
AGO,2024,69.281
ALB,2024,65.38
ARE,2024,88.008
ARM,2024,63.929
AUT,2024,59.819
BDI,2024,15.16
BEL,2024,98.224
BEN,2024,50.669
BFA,2024,33.166
BGD,2024,41.23
BGR,2024,77.037
BHR,2024,89.999
BWA,2024,73.49
CAF,2024,44.13
CHE,2024,74.327
CHN,2024,65.544
CIV,2024,53.644
CMR,2024,59.892
COD,2024,48.055
COG,2024,69.638
COM,2024,30.418
CZE,2024,74.738
DEU,2024,77.895
DJI,2024,78.732
DNK,2024,88.626
DZA,2024,75.748
EGY,2024,43.258
ERI,2024,43.911
ESP,2024,81.802
EST,2024,70.019
ETH,2024,23.661
FIN,2024,85.872
FRA,2024,82.044
GAB,2024,91.307
GBR,2024,84.884
GHA,2024,59.854
GIN,2024,38.517
GMB,2024,65.08
GNB,2024,45.893
GNQ,2024,74.874
GRC,2024,80.984
HRV,2024,58.945
HUN,2024,73.179
IDN,2024,59.204
IND,2024,36.867
IRL,2024,64.76
IRN,2024,77.698
IRQ,2024,71.853
ITA,2024,72.292
JOR,2024,92.206
JPN,2024,92.134
KAZ,2024,58.387
KEN,2024,30.049
KGZ,2024,38.166
KHM,2024,26.035
KOR,2024,81.498
KWT,2024,100.0
LAO,2024,38.906
LBN,2024,89.603
LBR,2024,54.077
LBY,2024,81.907
LKA,2024,19.416
LSO,2024,30.897
LTU,2024,68.936
LVA,2024,68.815
MAR,2024,65.643
MDG,2024,41.231
MLI,2024,46.934
MMR,2024,32.47
MNG,2024,69.263
MOZ,2024,39.326
MRT,2024,58.458
MUS,2024,40.944
MWI,2024,18.598
MYS,2024,79.201
NAM,2024,55.795
NER,2024,17.232
NGA,2024,55.03
NLD,2024,93.453
NOR,2024,84.318
NPL,2024,22.366
OMN,2024,88.998
PAK,2024,38.365
PHL,2024,48.614
POL,2024,60.33
PRT,2024,68.423
QAT,2024,99.387
ROU,2024,54.88
RWA,2024,18.081
SAU,2024,85.171
SDN,2024,36.752
SEN,2024,50.08
SGP,2024,100.0
SLE,2024,44.779
SOM,2024,48.519
SSD,2024,21.56
SWE,2024,88.976
SWZ,2024,25.013
SYR,2024,58.044
TCD,2024,24.691
TGO,2024,45.064
THA,2024,54.32
TJK,2024,28.523
TKM,2024,54.524
TUN,2024,70.88
TUR,2024,77.893
TZA,2024,38.136
UGA,2024,27.389
UZB,2024,50.626
VNM,2024,40.195
YEM,2024,40.477
ZAF,2024,69.298
ZMB,2024,46.914
ZWE,2024,32.67
